No,Tgl_Iklan,url,harga,kota,LT,LB,KT,KM,KTP,KMP,carport,garasi,listrik,surat,judul,deskripsi,
1,28/12/2016,https://www.rumah123.com/properti/bandar-lampung/hos2295817/,3500000000,Lampung,220,216,4,3,1,1,2,1,4400,SHM,RUMAH MEWAH DI PERUMAHAN KOTA BANDAR LAMPUNG,"PERUM CITRA GARDEN CLUSTER VERSAILES TYPE CORSICA
LT : 216 M2
LB : 220 M2
LISTRIK : 4400 WATT
2 LANTAI
4 KT 3 KM
1 KTP 1 KMP
SUMUR BOR
FULL FURNISH
SHM",
2,18/9/2018,https://www.rumah123.com/properti/bandar-lampung/hos3795856/,1500000000,Lampung,380,200,3,4,2,0,0,0,1300,SHM,Rumah asri di Way Halim Sepang Jaya siap huni,"dijual cepat rumah di way halim sepang Jaya
Lt/LB: 380 /200 m2
1 1/2 lantai
3+2 kamar mandi
4 kamar mandi
listrik 1300 W
air sumur bor
lantai keramik
lingkungan aman dan nyaman untuk tempat tinggal
lokasi strategis dekat mall, sekolah sekolah, pasar tradisional
sertipikat hak milik

Harga Rp. 1,5 M
Nego tipis

Hub Rama Global Property Lampung
788544
0812 72 888 157
0823 7960 7456",
3,20/9/2018,https://www.rumah123.com/properti/bandar-lampung/hos3802925/,1900000000,Lampung,160,155,3,3,1,1,1,1,2200,SHM,Rumah Minimalis 2 lantai di Perumahan Citra Garden Bandar Lampung,"Luas Tanah:160
Luas Bangunan: 155
Kamar Tidur: 3+1
Kamar mandi: 3+1
Garasi
Carport
Listrik 2200 watt
SHM

Harga Rp 1,9 Milyar net",
4,21/9/2018,https://www.rumah123.com/properti/bandar-lampung/hos3806158/,2350000000,Lampung,160,189,3,2,1,1,0,0,2200,SHM,"RUMAH NYAMAN PERUM CITRA GARDEN , TELUK BETUNG - BANDAR LAMPUNG","LT / LB : 160 m2 / 189 m2
2 Lantai
2.200 Watt
3 + 1 KT 2 +1 KM
Hadap Selatan
SHM",
5,23/10/2018,https://www.rumah123.com/properti/bandar-lampung/hos3918892/,1400000000,Lampung,1036,243,5,3,0,0,0,2,1300,SHM,"RUMAH HALAMAN LUAS JLN. PULAU TIODORE , JAGABAYA - BANDAR LAMPUNG","LT : 1036 M2 
LB : 243 M2 
1 LANTAI
5 KMAR TIDUR 
3 KAMAR MANDI 
SUMUR GALI   SANYO 
GARASI 2 MOBIL 
HALAMAN LUAS 
SERTIFIKAT HAK MILIK 
HADAP TIMUR",
6,21/12/2018,https://www.rumah123.com/properti/bandar-lampung/hos4115584/,2000000000,Lampung,186,300,6,5,0,0,0,0,6600,SHM,Rumah 2 lantai siap huni di Teluk Betung,"dijual cepat rumah 2 lantai di teluk betung
LT/LB: 186/300 m2
2 lantai
6 kamar tidur
5 kamar mandi
listrik 6600 W
air pam
lantai keramik
sertipikat hak milik

Harga Rp. 2 M
nego

Hub Rama Global Property Lampung
788544
0812 72 888 157
0823 7960 7456",
7,27/3/2019,https://www.rumah123.com/properti/bandar-lampung/hos4419179/,1200000000,Lampung,339,200,2,2,2,2,0,0,2200,SHM,Rumah di Gajah Mada,"Dijual cepat Rumah di Gajah Mada
LT/LB: 339/200 M2
2 +2 Kamar tidur
2+2 Kamar mandi
listrik 2200 W Ada 2 meteran
Air sumur Gali + Pam Dan sumur bor
lantai keramik
sertipikat hak milik

Harga Rp. 1, 2 M
nego

Hub Rama Global Property Lampung
788544
0812 72 888 157
0823 7960 7456",
8,18/10/2019,https://www.rumah123.com/properti/bandar-lampung/hos5466841/,700000000,Lampung,230,190,4,3,1,0,0,0,2200,SHM,Rumah di perum Bumi Asri siap huni,"Dijual cepat rumah di perum bumi asri
LT/LB: 230 /190 m2
4 kamar tidur
1 kamar pembantu
3 kamar mandi
listrik 2200 W
lantai keramik
air pam
dalam komplek
rumah siap huni
sertipikat hak milik

Harga Rp. 700 Juta

Hub : Rama
Global Property Lampung
0721 788544
0812 72 888 157
0823 7960 7456",
9,12/2/2020,https://www.rumah123.com/properti/bandar-lampung/hos6105722/,950000000,Lampung,210,170,3,2,0,0,2,0,2200,SHM,@Rumah bagus Enak di lihat dan Lokasi bagus banget Raja baja Lampung,"Rumah murah Di bandar lampung raja basa bandar lampung

Spesifikasi
LT/LB. 210/170m2
KT/KM. 3/2
Shm ( tdk ada imb )
Harga. 950juta
Garasi. 3
Rm 1 Lantai

Fasilitas
Kolom ikan
Taman
Jln 2 mbl pas.
Dr jln besar k rm 100m2
Jln mbl bisa 2 mbl pas
Dekat islamic center
Unila

Menerima Titipan Property anda kami Pasarkan
sewa-beli-Jual
Yon
0818 0888 7212",
10,5/9/2020,https://www.rumah123.com/properti/bandar-lampung/hos7263565/,150000000,Lampung,84,36,2,1,0,0,1,0,1300,SHM,Rumah nyaman syarat gampang banget deket kota bandar lampung,"Launching Griya Amina Gunter Bandar Lampung.

Hunian eksklusif premium di Palapa 10 gunung terang Bandar Lampung.
Perumahan Griya Aminah Rumah bebas banjir aman nyaman strategis dan memiliki nilai investasi tinggi.

Rumah modern minimalis :

- Luas bangunan 45 m
- Luas tanah 72 m
- kamar tidur 2
- kamar mandi 1
- Ruang keluarga
- sudah ada pagar belakang
- sudah ada dapur dan carport
- Listrik 1300 watt.
- Sumur Bor

Lokasi strategis dekat ke:
- 5 menit ke Indomaret, Alfamart dan pasar
- 5 menit ke sarana pendidikan (SD, SMP, SMA, kampus besar UBL, UML, Teknokrat, Unila dan Darmajaya).
- 5 menit ke Puskesmas
- 5 menit ke pom bensin

Fasilitas lingkungan:
- kolam renang
- taman/RTH
- one gate system.
- mushola

Harga Normal 275 juta
Kredit mulai DP 25 juta.
Angsuran 2,5 juta selama 15 tahun
Cash 250jt

Ayo manfaatkan kesempatan terbatas ini karena tidak ada lagi lokasi premium dengan harga murah banget

Segera hubungi
Kang trian sigerproperty
0823-7253-3321
0853-7916-7996",
11,12/10/2020,https://www.rumah123.com/properti/bandar-lampung/hos7422006/,480000000,Lampung,125,76,3,2,0,0,0,0,1300,SHM,Perumahan New Cordy Residence Kemiling,"Spesifikasi Teknis bangunan:
- Kamar tidur 2 & Kamar Mandi 1
(Type 56 m2)
- Kamar Tidur 3 & Kamar Mandi 2
(Type 76 m2)
- Lantai Granit 60 x 60
- Plapon Gypsum
- Rangka atap baja ringan
- Genteng Beton Minimalis
- Closet Duduk ToTo + Shower.
- Cat Luar dan Dalam KCC Paint Ext dan Int
- Listrik 1300 watt
- Air Artesis 24 Jam
- Kayu kusen dan daun pintu kayu kelas II.

Akses Lokasi Strategis dan Sudah ramai Security....
SEJUK Udara PERBUKITAN....
HANYA 3 menit Ke Wisata Taman Kupu-Kupu, Wisata Rusa, Seven Selfie
- 3 Menit Ktr Bank/ ATM
- 3 menit Ke SMAN 7 Bandar Lampung & Batik Gabovira
- 3 Menit Ke SPBU
- 5 menit Ke Klinik Kosasih Kemiling, Super Indo Supermaket, & Chandra Kemiling
- 8 menit Ke RS Bintang Amin Pertamina & Universitas Malahayati
- Akses jalan Paving Blok Lebar 6 Meter & 10 Meter

Garansi perawatan 2 bulan.",
12,13/10/2020,https://www.rumah123.com/properti/bandar-lampung/hos7426016/,330000000,Lampung,100,56,2,1,0,0,1,0,1300,SHM,Cluster Cordy Residence - Kemiling Bandar Lampung,"CLUSTER NEW CORDY RESIDENCE KEMILING
Alamat:
Jl. Terusan Teuku Cik Ditiro Kemiling Bandar Lampung
- TYPE 56/100 M2 (812.5)
Harga Stok Unit Ready (9 unit)
330 jt (All In)
Spesifikasi Teknis bangunan:
- Kamar tidur 2 Kamar Mandi 1
- Lantai Granit 60 x 60
- Plapon Gypsum
- Rangka atap baja ringan
- Genteng Beton Minimalis
- Closet Duduk ToTo + Shower.
- Cat Luar dan Dalam KCC Paint Ext dan Int
- Listrik 1300 watt
- Air Artesis 24 Jam
- Kayu kusen dan daun pintu kayu kelas II.

Akses Lokasi Strategis dan Sudah ramai Security....
SEJUK Udara PERBUKITAN....
HANYA 3 menit Ke Wisata Taman Kupu-Kupu, Wisata Rusa, Seven Selfie
- 3 Menit Ktr Bank/ ATM
- 3 menit Ke SMAN 7 Bandar Lampung Batik Gabovira
- 3 Menit Ke SPBU
- 5 menit Ke Klinik Kosasih Kemiling, Super Indo Supermaket, Chandra Kemiling
- 8 menit Ke RS Bintang Amin Pertamina Universitas Malahayati
- Akses jalan Paving Blok Lebar 6 Meter 10 Meter

Garansi perawatan 2 bulan.",
13,19/10/2020,https://www.rumah123.com/properti/lampung-selatan/hos7448873/,273000000,Lampung,83,60,3,2,0,0,1,0,900,SHM,Cluster Wayhui Regency Lampung Selatan,"TERSEDIA 20 UNIT

Type rumah
Type 40/83
Type 60/83
Spesifikasi Bangunan :
Kamar Tidur 3,kamar mandi 2(type 60)
Pondasi Pasangan batu belah, sloof, tiang kolom, ring balok, beton bertulang
Kusen Kayu kelas II
Daun Pintu Panel kelas II
Jendela Bingkai kayu kelas II
Lantai Granit 60x60
Rangka atap baja
Genteng Mantili di cat
Plafon PVC
Closet duduk
Carport
Sumur bor 30 meter+pompa air+tower kubik
Listrik 1.300 watt

Keunggulan :
Lokasi strategis dekat ke RS.Airan, Pasar Jatimulyo ITERA
Keamanan 24 jam, ada pos Satpam
Jalan perumahan lebar 5 meter
Perumahan di dalam pagar keliling, one gate system
Lingkungan perumahan aman dan nyaman

Proses :
KPR DP 20% diluar biaya proses
Bisa Cash Bertahap maksimal 2 tahun dengan DP min. 50%
Harga type 60/83
Cash : Rp. 273.000.000
Tempo 12 bln : Rp. 303.000.000
Tempo 24 bln : Rp. 333.000.000
KPR : Rp. 305.000.000

Kelebihan tanah Rp.1.500.000 / m2",
14,19/10/2020,https://www.rumah123.com/properti/bandar-lampung/hos7448779/,780000000,Lampung,102,120,4,3,0,0,1,0,1300,SHM,Sultan Agung Estate Wayhalim Bandar Lampung,"Lokasi:
Jl. Sultan Agung, Way Halim, B. Lampung

Type Rumah:
Rumah 2 lantai 120/102

Spesifikasi:
KT: 4 KM: 3 (Type 120/102 = 2 lantai)
Lantai Granit
Ruang Tamu
Ruang Keluarga
Dapur
Carport
Closed Duduk
Balkon

Lokasi Strategis:
Dekat SPBU
Dekat ke MBK
Dekat ke Transmart
Dekat ke Teknokrat UBL
Dekat PKOR Way Halim

Proses Pembayaran :
KPR: DP 20%
Cash Tempo: DP 50%

Harga Rumah 2 lantai:
CASH: IDR. 760.000.000
KPR: IDR. 780.000.000
CASH TEMPO 1th: IDR. 780.000.000",
15,19/10/2020,https://www.rumah123.com/properti/bandar-lampung/hos7448760/,485000000,Lampung,90,100,4,2,0,0,1,0,1300,SHM,Perumahan Raja Ratu Regency Untung Suropati Bandar Lampung,"Perumahan Raja Ratu Regency
Lantai 2 Siap Huni
Type rumah 100/90 : Rp 485.000.000

Spesifikasi Bangunan :
Kamar Tidur 4, Kamar Mandi 2
Tembok teras dipasang batu alam/keramik marmer
Pondasi Pasangan batu belah, sloof, tiang kolom, ring balok, betong bertulang
Dinding Batu bata di plester dan di aci, bagian dalam plamir
Kusen Kayu kelas II
Daun Pintu Panel kelas II
Pintu kamar mandi fiber memakai kaca tebal
Jendela Bingkai kayu kelas II
Lantai Granit 60 x 60
Rangka atap baja
Penutup atap genteng beton
Plafon teras dan dalam gipsum
Cat tembok Jotun
Kamar mandi lantai keramik 30 x 30
Closet duduk shower
Sudah dibuat dak dan siap bila ingin dibuat 2 lantai
Carport
Sumur bor+pompa air+tower kubik
Listrik 1.300 watt

Keunggulan :
Lokasi strategis di dalam kota
Lingkungan tetangga yang ramah, seperti dipemukiman
Jalan perumahan lebar
Perumahan di dalam pagar keliling
Ada pos satpam dan one gate system
Lingkungan perumahan aman dan nyaman",
16,21/10/2020,https://www.rumah123.com/properti/bandar-lampung/hos7457569/,397200000,Lampung,90,60,2,1,0,0,1,0,1300,SHM,Perumahan Bukit Alam Permai 3 Pramuka Bandar Lampung,"Perumahan Bukit Alam Permai 3
Siap Huni
Type 60/90

Tersisa hanya 4 Unit.
.
Spesifikasi :.
Kamar Tidur 2
Kamar Mandi 1
Ruang Tamu.
Ruang Keluarga.
Dapur
Taman depan.
Closet duduk shower. .
Carport.
Sumur bor+pompa air+tower kubik.
Plafon Gypsum Motif.
Lantai : Granit 60x60.
Rangka Atap Baja ringan ( Limas).
Listrik 1300 Watt.
.
.
Keunggulan :.
Lokasi strategis di tengah kota Bandarlampung.
Keamanan 24 jam, ada pos Satpam.
Jalan perumahan lebar 8 meter.
Perumahan di dalam pagar keliling, one gate system.
Lingkungan perumahan aman dan nyaman.
CCTV Setiap Blok.
.
Harga :.
Type 60/90
Rp. 397.250.000
.
Proses :.
Cash Keras
Bisa Cash Bertahap selama 1 tahun dengan DP min. 50%.
KPR bisa di bantu.",
17,11/3/2020,https://www.rumah.com/listing-properti/dijual-rumah-sukabumi-bandar-lampung-oleh-anton-priono-18322200,265000000,Lampung,105,45,2,1,0,0,1,0,1300,SHGB,"rumah sukabumi bandar lampung
Tirtayasa, Sukabumi, Bandar Lampung, Lampung","Rumah Murah Sukabumi
kamaR tidur 2
kamar mandi 1
listrik 1300 w
full renov
keamanan 24 jam",
18,14/11/2020,https://www.rumah123.com/properti/bandar-lampung/hos7556503/,328000000,Lampung,84,45,2,1,0,0,1,0,1300,SHM,Rumah murah di tirtayasa sukabumi bandar lampung,"GRIYA ANTASARI PERMAI 3
Hadir dgn konsep bangunan yg baru.

Lokasi Proyek:
Lokasi Tengah Kota Bandar Lampung, di jln P Antasari dan P Tirtayasa bandar Lampung
Unit Rumah Ready Stok & Siap Bangun Desain Tata Ruang Suka-Suka.

*Type 45/84m2 (7x12) (KT 2 KM1)
DP : 10jt
KPR bank : 290jt angsuran: 2,7jtan/bln 15thn
Biaya proses akad dll: 18jt
Cash. : 310jt all in, ( blok C no 4,5,6)

DP : 10jt
KPR bank : 320jt angsuran: 3,jtan/bln 15thn
Biaya proses akad dll : 18jt
Cash. : 328jt all in, ( semua blok )

DP : 10jt
KPR bank : 335jt angsuran: 3,2jtan/bln 15thn
Biaya proses akad dll : 18jt
Cash. : 345jt all in, ( indent atap Limas. )


* Harga, diluar biaya proses akad dan pajak BPHTB,


Spesifikasi Rumah:
Genteng Mantili/Tanah
Rangka Atap Baja Ringan
Lantai Kramik
Kusen Kayu Cempaka
Kamar Tidur 2
Kamar Mandi 1
Closed Duduk
Sumur BOR Artesis/Sentral
Carport+Taman
Jalan koplek Aspal semua.

RUMAH MURAH DI TIRTAYASA SUKABUMI BANDAR LAMPUNG",
19,15/12/2020,https://www.rumah123.com/properti/bandar-lampung/hos7670520/,670000000,Lampung,191,70,3,2,0,0,1,0,2200,SHM,Rumah Design Suka Suka Luas Tanah nya Di Tirtayasa Sukabumi bandar lampung,"KALIMANTAN PERMAI 3

Rumah dengan halaman belakang yg luas bisa buat taman atau gazebo

Kamar tidur: 3, Kamar mandi: 2, Ruang tamu, Ruang keluarga, Dapur,Teras & Carport

SPESIFIKASI:
Pondasi: Batu Belah
Struktur: Besi Bertulang
Rangka: Baja ringan
Atap: Limas
Lantai: Granit 60x60
Plafond: PVC
Listrik: 2200 watt
Sanitasi: Closed duduk + Shower + Septic Tank Bio
Air: Sumur Bor + Mesin air + Tower
Carport: Rabat Beton
Taman depan

Tipe 70/191
HARGA Rp 670 jt

Tipe 70/256
HARGA Rp 760 jt

KPR: Dp 20 %
Booking Fee: 5 jt
Sudah termasuk biaya Proses Bank
Sudah termasuk biaya asuransi

Lokasi: Jl. Tirtayasa gg Pulau Kalimantan , Sukabumi, Bandar Lampung (Samping Sekolahan SMKN5 )

Detail info hub Afiz
-----------------

RUMAH DESIGN SUKA SUKA LUAS TANAH NYA DI TIRTAYASA SUKABUMI BANDAR LAMPUNG
Epropertylampung
Tanah kavling lampung
Rumah bandar lampung
Rumah lampung",
20,25/11/2020,https://www.rumah123.com/properti/bandar-lampung/hos3918892/,435000000,Lampung,150,80,3,2,0,0,1,0,1300,SHM,Rumah Type besar tanah luas di tanjung senang,"Dengan penuh Cinta kami persembahkan.
"" SULAIMAN REGENCY ""
yang berlokasi di Jln. Bumi Arta Tanjung Senang, Bandar Lampung.

Type rumah besar dan tanah sangat Luas.
Luas Bangunan 80 m
Luas Tanah 150 m ( 7,5 x 20 )
Legalitas SHM, Aman dan Nyaman

Skema Pembayaran
Cash Keras : 435 jt All in
Cash Progres : 50:30:20
Cash Tempo 1 Tahun : DP 50%, sisanya diangsur dibagi 12 bulan.
Syarat KTP dan KK saja

Spesifikasi bangunan
Kamar tidur 3
Kamar mandi 2
Dinding bata merah.plester.aci dan cat
Kayu kusen cempaka
Pondasi batu belah
Lantai Granit 60x60
Rangka atap baja ringan
Atap genteng mantili di Cat
Listrik 1300 watt
Air sumur bor
Tower + bok air
Plapon PVC / Gitsum
Taman
Carport Bisa untuk 2 mobil,
Closet duduk dan shower
Bisa Request desain tata ruang

Akses lokasi
9 menit ke Kampus UIN dan ITERA
9 menit ke Pintu Tol Kota Baru
9 menit ke Rumah Sakit Airan
8 menit ke pasar Way Kandis
15 menit ke UNILA

RUMAH TYPE BESAR TANAH LUAS DI TANJUNG SENANG",
21,27/12/2020,https://www.rumah123.com/properti/bandar-lampung/hos7631821/,555000000,Lampung,140,70,3,2,0,0,2,0,1300,SHM,Rumah mewah tanah luas di gunter,"GUNTER ESTATE

LOKASI Jln. Swadaya 4, Purnawirawan Raya Gunung Terang - Bandar Lampung

TYPE STANDAR
-Type 70/135

LAYOUT RUANGAN UTILITAS
- 3 KT
- 2 KM
- R Tamu
- R Keluarga
- Dapur + R Jemur
- Carport
- Listrik 1.300 Watt
- Sumur Bor + Mesin + Torrent

HARGA MEKANISME
1. Cash = 555 Jt
3. Cash Progres = Negotiable*
(DP 50%: 30%: 20%)

BONUS (FREE/GRATIS)
- Biaya Pajak Pembeli (BPHTB)
- Biaya Balik Nama SHM an Pembeli
- Biaya KPR Bank ( Kec. Asuransi Pembukaan Rekening Bank)

KEUNGGULAN LOKASI
- Akses sangat mudah +/- 60 m dari jalan utama Purnawirawan Raya
- Jalan Depan Komplek Aspal lebar +/- 6 m
- Lingkungan Ramai, Aman dan Nyaman
- Dekat ke berbagai Fasilitas Pendidikan Pusat Perbelanjaaan (Sekolah Ar Raihan, UBL, UNILA, UNIV SABURAI, MBK)

Detail info hub Afiz tlp/wa 081379212666",
22,27/11/2020,https://www.rumah123.com/properti/bandar-lampung/hos7605904/,550000000,Lampung,115,70,3,2,0,0,1,0,1300,SHM,Rumah siap huni di gunter,"PERUM. GRAND FAWZ SWADAYA 4 GUNUNG TERANG

Lokasi: Jl. Griya Sejahtra Gg. PU Swadaya 4 Gunung Terang, Bandar Lampung

Type:
Type: 70/115M
Kamar Tidur 3
Kamar Mandi 2

HARGA KPR: Rp. 550.000.000,-
KPR : 495.000.0000,-
Terima SHM BBN An. Pembeli

SISTEM PEMBAYARAN KPR:
Booking: 5jt (Termasuk DP)
DP: 55jt All In
Angsuran 4,8jt'an/15th

CASH TEMPO CASH KERAS

SPESIFIKASI:
Pondasi: Batu Belah
Dinding: Bata Plaster Aci Cat
Slof: Beton Bertulang
Lantai: Granit 60 x 60
Plafond: Gypsum Rangka Holow + Dekor
Listrik: 1300 Watt
Air: Sumur Bor+Mesin+Towr Masing2
Genteng: Mantili Finishing cat
Rangka atap: Baja ringan
Pintu Kusen: Kelas I Cempaka Plitur
Dapur + Wastafel
Sanitasi: Closed duduk Jongkok + Shower
Carport: Batu Sikat
Taman

RUMAH SIAP HUNI DI GUNTER

Lokasi strategis di Tengah Kota Bandar Lampung, dekat dengan Kampus UNILA, UNSAB, UBL, UMITRA, TEKNOKRAT, Pusat Perbelanjaan Pusat Kulin",
23,29/11/2020,https://www.rumah123.com/properti/bandar-lampung/hos7614254/,495000000,Lampung,110,70,3,2,0,0,1,0,1300,SHM,Rumah siap huni dekat mall MBK,"PERUMAHAN GRIYA SEJAHTRA ESTATE
Lokasi Gunung Terang/gang PU
dekat UBL

Type 70/110M
Harga 495jt
Boking Fee 5jt berkas di proses
DP 50jt
Angsuran 4,3jt'an/ 15th

Fasilitas:
~Kamar Tidur 3
~Kamar Mandi 2 (Duduk+Jongkok)
~Dapur+Wastafel
~Carpot+Taman
~Sumur Bor+Toren+Smartsibel
~Gerbang Depan Sliding

Spesifikasi:
~Dinding Bata Plaster Aci
~Rangka Atap Baja Ringan
~Genting Atap Mantili
~Tembok Cat
~Carport Lantai Kramik
~Lantai Granit 60x60
~Plafon PVC
~Lampu Dowlight

Harga Cash Keras 480jt All in
Bebas Semua Biaya2
Terima SHM An. Pembeli
Bonus Langsung Kanopi/

Keunggulan Lokasi ditengah kota, komplek perum. Elite, Pusat Pendidikan Perguruan Tinggi, Pusat Oleh-oleh Lampung Pusat Perbelanjaan/Mall.

Segeraa dapatkan rumah idaman Anda Sekarang juga untuk kenyamanan Keluarga Anda.

RUMAH SIAP HUNI DEKAT MALL MBK

Detail info hub Afiz tlp/wa 081379212666",
24,29/11/2020,https://www.rumah123.com/properti/bandar-lampung/hos7614233/,585000000,Lampung,117,76,3,2,0,0,1,0,1300,SHM,Rumah dekat kampus dan pintu tol itera,"ANGGREK 2 CLUSTER
Jl.Senopati I Korpri Jaya Bandar Lampung
Tersedia Total 14Unit

Sistem Bayar
* Harga Mulai 468Jtan
* Cash Tempo 12 Bulan
* KPR Bank DP Rp 20%
* Bebas Biaya Notaris, Pajak & Proses Bank

SPESIFIKASI BANGUNAN
All Type 60/70/80
3 Kamar Tidur
2 Kamar Mandi
Carport
Taman
Ruang Tamu
Ruang Keluarga
Dapur
Closed Duduk dan Jongkok
Listrik 1300w
Sumur Bor+mesin+tower
Jalan Lebar 6m
One Gate Sistem

KUALITAS BANGUNAN
Lantai Granit 60x60
Plavon PVC
Kusen Kayu Jati
Lighting LED
Cat Jotun

AKSES TERDEKAT
- Sekolah Man 1
- Kampus UIN, ITERA
- Pintu TOL ITERA
- Polsek dan POLDA Baru
- Mall Transmart dan Pusat Kota

RUMAH DEKAT KAMPUS DAN PINTU TOL ITERA

Detail info hub Afiz tlp/wa 081379212666",
25,2/1/2021,https://www.rumah123.com/properti/bandar-lampung/hos7734826/,1600000000,Lampung,900,300,5,4,0,0,0,4,2200,SHM,Rumah bonus kontrakan dan tanah di keteguhan teluk betung timur samping di polairud polda lampung,"RUMAH DI JUAL
LOKASI JI. Hi. Sulaiman  kelurahan keteguhan
teluk Betung timur samping dit. Polairud
polda Lampung....(rumah di jalan
utama)
Luas tanah total 900m2
1. bangunan rumah 300m2
2. kontrakan 7 pintu penuh 300m2
3. Tanah kosong 300m3
Ada musola
Include kontrakan bisa dirubah jadi penginapan
Garasi muat 4mobil musholla bisa 30 org
, Alasan dijual karena kebesaran dan
anak2 tidak tinggal di bandar lampung",
26,2/1/2021,"Bandar Lampung, Labuhan Ratu, Kedaton, Bandar Lampung, Lampung, 5 Kamar Tidur, 154 m², Rumah dijual, Oleh Vini Silvia, Rp 1,1 M, 18023521",1100000000,Lampung,165,154,5,2,0,0,2,0,1300,SHM,Bandar Lampung,"Dijual Rumah Model Farm House Tropical Di Labuhan Ratu Bandar Lampung
House for sale :
Rumah 5 kmr model farm house tropical, Labuhan ratu, Bandar Lampung.
Lt/Lb : 165M/154M
Bangunan 2 lantai
SHM + IMB
5 Kt, 2Km
Carport 2 mbl
2 Rk
1 Dapur
3 Balkon
3 teras
1.300 watt
Rumah ini mempunyai ini sirkulasi udara yg sangat bagus dan semua bagian rumah dapat dimasuki sinar matahari. Dengan jumlah jendela2 besar dalam jumlah banyak.

Dekat ke pusat pendidikan (Unila, UBL, Teknokrat, Dharmajaya, dll)
Dekat ke pusat kuliner
Dekat ke stasiun kereta
Dekat ke Mall Boemi Kedaton
Dekat ke pusat pemerintahan
Dekat ke Bandara Radin Inten
*Bonus : 2 Unit AC 1/2 PK*
*Rumah dalam tahap pembangunan 70%*
masanyaproperty#rumahwayhalim#wisatalampung#propertylampung#rumahlabuhanratu#mallboemikedaton#jualcepat#instagood#instaproperty#rumahdekatunila#rumahbarulampung#rumahbarulampung#farmhousedesignlampung#rumahkedaton#untungsuropatilampung

Harga 1,1 M

/ Toni",
27,2/1/2021,"RUMAH LAMPUNG, LOKASI STRATEGIS 15 MENIT KE UNIVERSITAS BANDAR LAMPUNG, SUKADANAHAM, Tanjung Karang Barat, Bandar Lampung, Lampung, 3 Kamar Tidur, 36 m², Rumah dijual, Oleh Yeni ., Rp 180 jt, 18046970",180000000,Lampung,60,36,3,1,0,0,1,0,1300,SHM,"RUMAH LAMPUNG, LOKASI STRATEGIS  15 MENIT KE UNIVERSITAS BANDAR LAMPUNG","Miliki Hunian Halal Tanpa Riba Dengan Kesejukan Pegunungan Rajabasa
*RUMAH SYARIAH TANPA BANK SETARA SUBSIDI DI BANDAR LAMPUNG 140 JTAAN*

Puri Saujana Kini Hadir Bagi Anda yang ingin Memiliki hunian Halal Tanpa Riba dengan Kesejukan pegunungan di Bandar Lampung.

Keunggulan
• Lokasi Masih Sejuk pegunungan
• Tersedia Mushola didalam cluster
• 5 Menit Wisata Puncak Mas
• 7 Menit Tugu Duren
• 9 Menit Lembah Hijau Water Park
• 15 menit Universitas Bandar Lampung
• 15 menit Polsek Tanjung Karang barat
• 16 Menit Mall Kartini
• 19 Menit RSUD Dr.H Abdul Moeloek


Type Rumah 36/60 Type Lama Ready Stok
• Luas Bangunan 36 m2
• Luas Tanah 60 m2
• Harga Cash Promo 140 jt
• Kredit Dp 28 jt
• Cicilan 2.1 jt x 7 th
• 2 kamar tidur
• 1 kamar mandi
• 1 ruang tamu, ruang makan, dapur
• Lantai Keramik 40 x40
• Carport
• Taman Depan


Type Rumah 36/60 Type Baru Inden
• Luas Bangunan 36 m2
• Luas Tanah 60 m2
• Harga Cash Promo 180 jt
• Kredit Dp 36 jt
• Cicilan 2.7 jt x 7 th
• 3 kamar tidur
• 1 kamar mandi
• 1 ruang tamu, ruang makan, dapur
• Lantai Granit 60x60 bagian dalam
• Carport
• Taman Depan

Pembayaran bisa langsung ke developer.
• Bebas dari BANK
• Bebas dari BUNGA RIBA
• Bebas dari DENDA
• Bebas dari PENYITAAN
• Bebas dari AKAD BATHIL

Hubungi Marketing : yeni
Wa : 085715794850
Agency Tamr Realty

Segera Survey karena Unit Terbatas",
28,9/4/2021,https://www.rumah.com/listing-properti/dijual-rumah-dijual-di-perumahan-citra-garden-telukbetung-bandar-lampung-oleh-haida-aisyah-17451623,600000000,Lampung,90,32,2,1,0,0,1,0,900,SHGB,"Rumah Dijual di Perumahan Citra Garden TelukBetung Bandar Lampung
Teluk Betung Barat, Bandar Lampung, Lampung","Rumah Dijual Di Perumahan Citra Garden Teluk Betung Bandar Lampung
Rumah Dijual di Perumahan Citra Garden TelukBetung Bandar Lampung
Cluster Olivine , Type 32, Luas tanah 6 x 15 m2, KT 1, KM 1, Listrik 900 watt, Harga 600 juta nego",
29,3/1/2021,https://www.rumah.com/listing-properti/dijual-rumah-termurah-di-sukarame-kotamadya-bandar-lampung-bisa-kredit-syariah-dp-angsuran-ringan-oleh-rama-17904389,60000000,Lampung,72,36,2,1,0,0,1,0,1300,SHM,RUMAH TER MURAH BANDAR LAMPUNG DI KORPRI SUKARAME DEKAT KAMPUS BESAR BISA KREDIT SYARIAH,"Beli Rumah Di Sukarame Dekat Univ Uin Korpri Dn Pusat KotaTELAH DI BUKA
PERUMAHAN MINIMALIS DAN MEWAH
HARGA TER MURAH DI KOTAMADYA BANDAR LAMPUNG.

Strategis, aman dan nyaman sangat cocok utk Hunian yg aman dan nyaman karena lokasinya sudah padat penduduk

SANGAT STATEGIS SEKALI DAN bisa juga sbagai investasi jangka panjang YANG MENGUNTUNGKAN yg setiap tahunnya akan mengalami kenaikan harga Profit sebesar 5-10% karena lokasi berada di dalam kota madya bandar lampung

Alamat Lokasi :
Jl. Tirtayasa Komplek Perumahan Griya Abdi Negara
Sukabumi
Bandar lampung

SELLING POINT:
TYPE 36/72
Harga Rp. 150.000.000
BIsa akad Kredit syariah tanpa bank dengan Dp Rp. 60.000.000
Dan sisa nya lansung di bagi selama 48 bulan
Angsuran Rp.1.875.000 per bulan
Lunas langsung terima sertivikat

BEST POINT:
- Bangunan Berkualitas harga murah
- Berada dekat dgn pom bensin
- Dekat mini market
- Dekat sarana pendidikan
- Dekat gerbang tol Lematang
- Carport
- Listrik 1300
- Sumur artesis
- Plafon gypsum
- Kotamadya akses kmn2 dekat
- Di lingkungan banyak Perumahan
- Tempat sejuk dan Asri bersebelah dg
Pegunungan
- Akses Jalan Masuk ke perumahan Aspal
- Fasum Masjid Tersedia
- Air Artesis Central
- Jalan Perumahan 5m diCor
- Dekat Pusat Perbelanjaan
- Dekat Tol Lematang dan kawasan Industri
sutami.

NB :
LOKASI UNIT SUDAH READY DAN SIAP HUNI YAAA..

SELESAI DP DAN AKAD DI NOTARIS LANGSUNG SEARAH TERIMA KUNCI..",
30,3/1/2021,https://www.rumah.com/listing-properti/dijual-rumah-kosan-18kamar-full-fasilitas-dekat-kampus-ter-besar-sumatra-lampung-bisa-kredit-dp-murah-oleh-rama-17989503,250000000,Lampung,170,253,10,8,0,0,2,0,1300,SHM,RUMAH+KOSAN 18KAMAR FULL FASILITAS DEKAT KAMPUS TER BESAR SUMATRA LAMPUNG BISA KREDIT DP MURAH,"Rumah kos full fasilitas dekat kampus terbesar di sumatra dp murah
THE NEW LAUNCHING

DBOARDING HOUSE ITERA
RUMAH KOS YANG MENGHASILKAN Pasive Income Hingga 100Jutaan Pertahun (18 kamar) FULL FASILITAS.
LOKASI SANGAT STRATEGIS AMAN DAN NYAMAN.

TERDEKAT DENGAN
KAMPUS INSTITUDE TECHNOLOGI TERBESAR DI SUMATRA
PINTU TOL
DAN KANTOR MARKAS POLDA

ALAMAT Lokasi :
JL TERUSAN RYACUDU ITERA KORPRI
DESA Jatisari Itera
LAMPUNG SELATAN

Fasilitas PLUS :
Tersedia Fasum Mushola
One Gate System Didalam perumahan
Keamanan Satpam 24 Jam
Dekat Minimarket
Kamar mandi Di dalam
Carport

Lokasi Strategis :
- 3menit ke kampus Itera
- 600an Meter dr Pintu Tol Kotabaru
- Dekat dengan kantor polda sukarame
- Dekat dengan RS. AIRAN
- Dekat dengan pasar Sukarame
- Dekat dengan TRANSMART Lampung
- Dekat dengan Kampus UIN

POMO GRAND LAUNCHING!!!!
Free Kasur Perkamar
Free Lemari Perkamar
Free Meja belajar Perkamar
Free Kursi belajar Perkamar

Spesifikasi :
All Product NON BANK

DP 50% DARI HARGA
Tenor Hingga 24 Bulan Flat Tanpa RIBA

type 93/112
Harga Rp.514.000.000
- 7 kamar tidur
- 2 Kamar mandi
- Lobby
- Dapur
- Carport & tangki air

Type 175/112 (2 lantai)
Harga Rp.719.000.000
- 13 Kamar tidur
- 4 Kamar mandi
- Lobby
- Dapur
- Carport, tangki air & submersible

Type 253/170 (2 lantai)
Harga Rp. 1.055.000.000
- 18 Kamar tidur
- 8 Kamar mandi
- carport & dapur
- Sumursible & tower ",
31,3/1/2021,https://www.rumah.com/listing-properti/dijual-rumah-hunian-syariah-strategis-dekat-kampus-uin-sukarame-dan-itera-korpri-bandar-lampung-dp-murah-oleh-rama-17845809,100000000,Lampung,118,45,2,1,0,0,1,0,1300,SHM,RUMAH HUNIAN SYARIAH STRATEGIS DEKAT KAMPUS UIN SUKARAME DAN ITERA KORPRI BANDAR LAMPUNG DP MURAH,"Rumah Mewah Lokasi Strategis Harga Murah Di Sukarame Bandar LampungTelah Hadir Perumahan Cluster dan Tanah kavling Syariah
DZIKRA RESIDENCE

Sangt cocok sekali utk Hunian yg aman dan nyaman karena lokasinya sudah padat penduduk.

Dan bisa juga sbagai investasi menarik dan menguntungkan jangka panjang,
karena setiap tahunnya akan mengalami kenaikan harga Profit sebesar 5 hingga 10% karena lokasi berada di dalam kota madya bandar lampung

Alamat Lokasi
Jl. Cendana - P. Sebesi
Kotamadya
Bandarlampung
Lokasi sangat dekat dengan Kampus UIN, Golf, Kantor Kejaksaan

Rumah type 60/102
Harga 370jt (kelebihan tanah 1jt/m)
Bisa akad kredit syariah dg DP minimal 30-50% dari harga pokok
(bisa diangsur)
Dan sisa nya langsung diangsur selama 3th angsuran 5,1jt

Selling point :
- lantai granit
- sumur bor sibel
- atap baja ringan
- plafond gypsum trap
- genteng cat
- listrik 1300w
- closet duduk
- keramik setara roman
- cat pintu semprot
- pintu belakang kaca sliding door

Tersedia juga kavling siap bangun (KSB)
Best point:
- Luas tanah 118meter (8x14,75meter)
- Harga kavling 1,7jt per meter
- Bisa kredit akad syariah dg Dp 30-50% dari harga
- Dan sisanya langsung di bagi selama 3th

- fasilitas jalur lisrik
- jalan paving
- IMB
- Lunas langsung terima sertivikat
- Free vondasi keliling

Mau memiliki ASET di Bidang Prproperty sekarang atau nanti adalah KEPUTUSAN anda, Tapi keputusan anda tidak akan pernah merubah KENYATAAN bahwa Harga PROPERTY akan TETAP selalu NAIK, dan TERUS NAIK.
Maka SEGERALAH investasikan dg CERDAS Keuangan dan FINANCIAL anda",
32,3/1/2021,https://www.rumah.com/listing-properti/dijual-rumah-type-homestay-di-sukarame-dekat-kampus-uin-dan-itera-korpi-bandar-lampung-bisa-kredit-dp-murah-oleh-rama-17857933,90000000,Lampung,45,25,1,1,0,0,1,0,1300,SHM,RUMAH TYPE HOMESTAY DI SUKARAME DEKAT KAMPUS UIN DAN ITERA KORPI BANDAR LAMPUNG BISA KREDIT DP MURAH,"Rumah Modern Harga Murah Dekat Kampus Uin Sukarame Dan Itera Korpri
TELAH DIBUKA PERTAMA DI BANDAR LAMPUNG
RUMAH MEWAH TYPE Homestay dalam komplek perumahan sukarame bandar lampung TER DEKAT DARI KAMPUS UIN
DAN ITERA KORPRI

Cocok Untuk 2nd Home atau Persewaaan bagi traveler ataupun mahasiswa,
atau dapat disewakan dengan bekerjasama dengan jasa kebutuhan perjalanan online.
dengan desain minimalis dan modern.

SANGAT STRATEGIS SEKALI Dan bisa juga sbagai investasi menarik dan menguntungkan jangka panjang,
karena setiap tahunnya akan mengalami kenaikan harga Profit sebesar 5 hingga 10%

Alamat Lokasi :
Jl Pulau singkep sukarame dekat UNIF uin
Didalam Perumahan Indah Sejahtera, Kotamdya
Bandar lampung

Harga :
Rp 205 Juta
Bisa akad Kredit syariah dg DP minimal 30-50% dari harga total
Dan Sisanya bisa langsung Diangsur selama 24 Bulan
Flat tanpa Bank tanpa RIBA.

Spesifikasi :
Luas Tanah 44.5 (3.5x13)
Type Rumah 22.5
Kamar Tidur 1
Kamar Mandi 1
Dapur
Ruang tamu
Carport

Keunggulan :
One Gate System
Nyaman dan aman
Keamanan 24 jam
Lingkungan bersih
Dekat pusat pendidikan
Dekat pusat perbelanjaan

Legalitas :
Sertifkat

Spesifikasi
- Struktur beton bertulang
- Dinding bata merah
- Lantai Granit
- Rangka atap baja ringan, atap genteng
- Kusen dan jendela kayu
- Panel pintu kayu
- Cat merk Catylac
- Closet merk TOTO
- Lantai Granit
- Handle pintu dan engsel merk Solid
- Kompor gas tanam merk Rinai
- Lampu LED
- Plafon PVC
- Listrik 1300 Watt

Mau memiliki ASET di Bidang Prproperty sekarang atau nanti adalah KEPUTUSAN anda, Tapi keputusan anda tidak akan pernah merubah KENYATAAN bahwa Harga PROPERTY akan TETAP selalu NAIK, dan TERUS NAIK.
Maka SEGERALAH investasikan dg CERDAS Keuangan dan FINANCIAL anda..",
33,14/1/2021,https://www.rumah123.com/properti/bandar-lampung/hos7784188/,495000000,Lampung,135,60,3,2,0,0,0,0,1300,SHM,Barika Cluster V Dekat Kampus ITERA,"Rumah kekinian model yg super kechee dan lokasi sangat strategis dekat Kampus.

BARIKA CLUSTER V

Lokasi STRATEGIS:
- Dekat KAMPUS UIN dan ITERA.
- Dekat RUMAH SAKIT IMANUEL, URIP SUMOHARJO.
- Dekat PASAR.
- Dekat TRANSMART
- Dekat PKOR Way Halim
- Dekat pintu TOL Kota Baru
- Dekat kantor Polda baru

Lokasi:
Jln. Endro Suratmin Sukarame Bandar Lampung

Info detail hub.
Telp./wa : 08117209996
@geraidhiasyproperty",
34,30/1/2021,https://www.rumah.com/listing-properti/dijual-rumah-jual-jln-patria-kedaton-kota-bandar-lampung-oleh-haida-aisyah-18386566,1000000000,Lampung,447,330,4,3,0,0,1,1,2200,SHM,"Rumah jual Jln. Patria,  Kedaton, kota Bandar lampung","Rumah jual Jln. Patria, Kedaton, kota Bandar lampung
Rumah jual
Jln. Patria, Kedaton, kota Bandar lampung.

Lt 447 m2,  lb 330 m2, 4 kt, 3 km,  teras depan belakang, taman depan belakang, pavillion, dapur basah, dapur kering, gudang, garasi 1 mobil, carport 1 mobil, jalan depan aspal 2 mobil.
Listrik 2200 W,  air sumur bor.
SHM.
Harga Rp 1 Miliar (Nego). ",
35,31/1/2021,https://www.rumah123.com/properti/bandar-lampung/hos7852599/,15000000000,Lampung,628,500,3,4,1,1,2,1,5500,SHM,Rumah Mewah di Villa Citra,Rumah Mewah di komplek exclusive Bandar Lampung,
36,2/2/2021,"Rumah Bandar lampung, Bandar lampung, Sukarame, Bandar Lampung, Lampung, 5 Kamar Tidur, 350 m², Rumah dijual, Oleh Hari ., Rp 3,8 M, 16572700",3800000000,Lampung,400,350,5,5,0,0,3,0,2200,SHM,Rumah Bandar lampung,"Dijual Rumah Siap Huni Bandar Lampung
Dijual cepat rumah siap huni, lingkungan nyaman, bebas banjir, dekat dengan rumah sakit imanuel, pusat perbelanjaan, akses jalan 2 mobil lebar, harga nego.",
37,2/2/2021,"Kedamaian bandar lampung, Perumahan kedamaian, Tanjung Karang Timur, Bandar Lampung, Lampung, 4 Kamar Tidur, 200 m², Rumah dijual, Oleh Ginanjar Agung, Rp 1,5 M, 18062331",1500000000,Lampung,158,200,3,3,1,0,1,1,2200,SHM,Kedamaian bandar lampung,"Perumahan Beserta Isinya Kedamaian Lampung Murah
Perumahan Kedamaian Indah, Bandar Lampung,
dengan spesifikasi
3 kamar tidur utamna
- 1 kamar tidur pembantu
-1 ruangan serba guna / gudang
3 unit WC full keramik (semua kloset duduk &
shower mandi)
-3 unit AC merk Mitsubishi
- Lengkap dengan teralis besi untuk jendela dan dakk
belakang
-Ada pintu besi depan dengan kawat nyamuk
- Meja TV dan sofa
- Meja makan
Kitchen set dengan meja dapur granite & lemari
kayu jati
- Ranjang 3 set
Lemari pakaian 2 set
-Garasi dalam kapasitas 1 mobil dengan pintu
garasi merk Wina
- Carport depan kapasitas 1 mobil + kanopi
- Air PAM lancar & jernih, torrent air 1 kubik di atas
Water heater merk Daalderop (seri premium)
- Jalur water heater terkoneksi antara WC atas dan
WC bawah, tinggal pasang unit water heaternya saja
Wastafel per lantai
- Listrik 4400, token, lengkap dengan jalur & handle
genset
- SHM atas nama pribadi, tidak bermasalah
- Atap sudah diwater proofing dan perawatan berkala

kondisi sangat OK, baru pindah rumah akhir tahun
2019. Siap pakai tinggal bawa koper masuk.
Harga nego halus karena kondisi rumah dijamin
bagus.
Terima kasih atas perhatiannya.
Apabila berminat segera hubungi nomor HP yang
tercantum (WA/ call).",
38,3/2/2021,https://www.rumah.com/listing-properti/dijual-jual-cepat-rumah-siap-huni-luas-nyaman-aman-di-tanjung-karang-barat-lampung-oleh-bayu-septiana-18163915,700000000,Lampung,154,125,3,1,1,0,1,0,1300,SHM,"Jual cepat rumah siap huni, luas, nyaman, aman di tanjung karang barat lampung","Full Renovasi,Nyaman,Siap HuniJual cepat rumah siap huni,luas,nyaman,aman di tanjung karang barat lampung
Provinsi: BANDAR LAMPUNG
Kota: LAMPUNG
Area: TANJUNG KARANG BARAT
Alamat: Jl. Deli Beringin Raya, Blok D/7-8, Kemiling, Tanjung Karang Barat, Kota Bandar Lampung
Harga: 700 juta nego
Deskripsi: 2 Unit Rumah di bangun menjadi 1 Unit Rumah
Hubungi: John +62 812-9577-8882
Luas bangunan: 125 m
Luas tanah: 154
Kamar tidur: 3 KT + 1 KT Pembantu
Kamar mandi: 1
Sertifikat: SHM
Termasuk perabot atau tdk: Tidak
Kondisi: Bagus
Tahun dbngun:
Fasilitas: Garasi/ Carport
Daya listrik: Token
Jumlah garasi/carport: 1",
39,3/2/2021,https://www.rumah.com/listing-properti/dijual-rumah-mewah-fully-furnished-siap-huni-jual-cepat-oleh-yosafat-lumengkewas-17331713,8600000000,Lampung,1560,720,6,5,0,0,5,0,10000,SHM,Rumah Mewah Fully Furnished Siap Huni Jual Cepat,"Jual Cepat Rumah Mewah Fully Furnished Siap Huni Kota Bandar LampungJual cepat RUMAH MEWAH di Kedamaian, Tanjung Karang Timur, Kota Bandar Lampung.
LT : 1.560 m2 (32.5 x 48)
LB Rumah Utama (2 lt) : +/- 650 m2
LB Rumah Pondok : +/- 70 m2
KT : 6
KM : 5
Gudang, dapur kering, dapur basah
Lot parkir : 5
SHM
Fasilitas : akses sekuriti 24 jam, lap. tenis, kolam renang
RUMAH MEWAH SIAP HUNI dalam komplek di pusat kota, interior Full Granite dan Furniture lengkap, sangat terawat, bersih, rapih, pekarangan sangat luas (bisa utk barbeque party, dijadikan kebun atau kolam renang)
Harga: 8,6m (negotiable)

More info :
Yosafat
0818 0848 1476 (wa tersedia)
SKY CITY Property",
40,11/2/2021,https://www.rumah.com/listing-properti/dijual-5-bedrooms-rumah-rajabasa-bandar-lampung-lampung-oleh-yohan-18144115,1575000000,Lampung,298,328,5,4,0,0,0,0,2200,SHGB,"5 Bedrooms Rumah Rajabasa, Bandar Lampung, Lampung","Dijual Rumah di Rajabasa, Bandar Lampung (kode pure231)
                                    Berminat, silahkan Chat WA dengan menyebutkan kode properti ..



Atau bisa langsung ke kantor Ray White Lampung di :

Jl. P. Morotai Ruko Morotai Mas Blok B No.2, Jagabaya III- Way Halim, Bandar Lampung, 35132



Melayani Jual, Beli dan Sewa.

Persyaratan Jual dan Sewa :

- KTP

- SHM

- PBB

- IMB jika ada





salam, Ray White Lampung Morotai.
                                    ",
41,6/2/2021,https://www.rumah123.com/properti/bandar-lampung/hos7881563/,1550000000,Lampung,447,400,6,5,0,0,7,2,2200,SHM,Rumah Mewah murah  cepat bandar lampung,"Siap huni dan lingkungan yang aman dan nyaman berikut beberapa perabotan:

Deskripsi rumah:
- Luas tanah : 447 m2
- Bangunan 2 Lantai
- Sertifikat Hak Milik a.n pribadi
- Daya Listrik : 2200 W
- Air : Sumur Resapan ada 2 (alhamdulillah meski kemarau tdk pernah kering)
- 6 Kamar Tidur
- 5 Kamar Mandi (3 dalam kamar tidur)
- 2 tempat cuci pakaian, kering dan basah
- 2 Dapur
- 1 Ruang Makan
- 2 Ruang Tamu
- 1 Ruang keluarga luas dan 1 ruang nonton TV
- 2 bh garasi bisa untuk 3 mobil
- Halaman luas bisa menampung parkir 7 mobil ditambah 3 mobil yang di garasi
- Pagar otomatis pakai remot dg 4 bh remot , ada back accu buat mati lampu

- 2 teras
- 1 Pohon Alpukat Mentega (selalu berbuah lebat) 2x dalam setahun (januari & november)",
42,10/2/2021,https://www.rumah123.com/properti/bandar-lampung/hos7899595/,1280000000,Lampung,141,132,3,2,0,0,2,0,1300,SHM,"Rumah perumahan exclusive mewah, kedamaian bandar lampung","OPEN EXCLUSIVE TOWN HOUSE
- Premium Class
- One Gate System
- Cctv
- Jalan perumahan 8 meter
- Akses kota bandar lampung

Rumah Siap Huni dan siap bangun dengan model mewah
Ada pilihan beberapa type serta ukuran luas tanah
- Type Violet 70
- Type Lavender 132
- Type Edelwise 150

**Bisa request sesuai selera

Luas tanah bervariasi
- mulai 132 meter sd 188 meter

Harga mulai
- Khusus 1 Lantai Rp 800 Jutaan
- Khusus 2 Lantai Rp 1,2 M

Proses
- Cash keras
- Cash Tempo 50% - 30% - 20%
- KPR bebas pilih bank

**Proses pembangunan 6 bulan (Khusus Indent)

Lokasi Kedamaian Kota Bandar Lampung

informasi pemasaran hub Donny",
43,11/3/2021,https://www.rumah.com/listing-properti/dijual-4-bedrooms-rumah-natar-lampung-selatan-lampung-oleh-yohan-18315263,800000000,Lampung,282,260,4,3,0,0,0,0,,SHGB,"4 Bedrooms Rumah Natar, Lampung Selatan, Lampung","Dijual Rumah di Prm.Polri Hajimena, Lampung Selatan (kode rz290)
                                    Berminat, silahkan Chat WA dengan menyebutkan kode properti ..



Atau bisa langsung ke kantor Ray White Lampung di :

Jl. P. Morotai Ruko Morotai Mas Blok B No.2, Jagabaya III- Way Halim, Bandar Lampung, 35132



Melayani Jual, Beli dan Sewa.

Persyaratan Jual dan Sewa :

- KTP

- SHM

- PBB

- IMB jika ada





salam, Ray White Lampung Morotai.
                                    ",
44,15/2/2021,https://www.rumah123.com/properti/bandar-lampung/hos7919530/,2000000000,Lampung,200,242,4,3,0,0,1,0,2200,SHM,rumah di kawasan elite,"rumah dikawasan elite,perumahan mewah di lampung",
45,16/2/2021,https://www.rumah123.com/properti/bandar-lampung/hos7920962/,550000000,Lampung,112,60,2,2,0,0,1,0,1300,SHM,rumah murah tanjung senang labuhan ratu,"Telah Hadir Perumahan dengan system Cluster
Dengan keamanan 24 jam
*ANDARU LAND*
Jl. Ra Basyid ,Labuhan Dalam ,
Bandar lampung
Keunggulan:
*Dengan system Cluster keamanan 24 jam ,lingkungan yang Asri dan nyaman
*Lingkungan Padat Penduduk
*Dekat dengan Kampus UNILA dan Sekolah ternama lainnya
*Dekat Dengan Rumah Sakit
*200m ke Pasar Tradisional
*Dekat dengan Transmart,dan pusat perbelanjaan lainnya
Spesifikasi:
Struktur : Beton Bertulang
Plafond : Gypsum
Rangka : Baja ringan
Genteng : Beton
Lantai : Granit 60x60
Carpot : Rambat Beton
Pintu : Molded
Sanitasi : Toto setara
Air : Bor (fasilitas 50m)
Listrik : 1300 1lt ,2200 2Lt
Type 60/112m2 : Rp. 550.000.000
Type 80/120m2 : Rp. 650.000.000
Type 120/120m2 : Rp. 850.000.000 (2Lt)
Ruko 2 lt 90/45m2 : Rp. 650.000.000
Cara Bayar
1.Cash
2.Cash tempo 12 bln
3.KPR
* 1 Lantai Dp. 55 jt angs
3.9jt (20thn)
* 2 Lantai Dp. Rp. 170 Jt angs
5,4jt (20thn)
* Ruko Dp. 120jt angs
4,1 jt (20thn)",
46,19/2/2021,https://www.rumah123.com/properti/bandar-lampung/hos7936878/,375000000,Lampung,145,70,2,2,1,0,0,0,1300,SHM,Rumah di rajabasa siap huni,"dijual cepat rumah di rajabasa
dekat perkantoran
LT/LB: 145 / 70 m2
2+1 kamar tidur
2 kamar mandi
lantai keramik
listrik 1300 W
air sumur bor
ada kanopy
ada pagar
lokasi nyaman
sertipikat hak milik

Harga Rp. 375 juta
nego

hub Rama
Global Property Lampung
0721 788 544
0812 72 888 157
0823 7960 7456",
47,22/2/2021,https://www.rumah123.com/properti/bandar-lampung/hos7947761/,520000000,Lampung,130,65,3,2,0,0,1,0,1300,SHM,rumah mewah harga murah,"Perumahan Abdul Kadir cluster

Lokasi :
Jl. Abdul kadir Bandar Lampung

Type 65/130
Harga 520 juta

#..bebas reques desain
#..bebas penambahan luas bangunan.

Bebas biaya :
Notaris, pajak,Proses Bank

Spesifikasi :
3 Kamar Tidur
2 Kamar Mandi
1 Carport
1 Ruang Tamu
1 Ruang Keluarga
1 Dapur
1 Listrik 1300 watt
1 sumur bor (mesin pompa air + tower)

Kualitas :
Lantai Granit 60x60
Plavon Gypsum
Kusen Kayu Cempaka
Lighting LED
Cat Jotun
Dll

Free :
Jasa Arsitektur
Garansi 6 Bulan

Info Pemesanan/Survey Lokasi.
Hub :
Tlp/WA : 08117209996",
48,1/3/2021,https://www.rumah123.com/properti/bandar-lampung/hos7980599/,550000000,Lampung,160,100,3,2,0,0,2,0,1300,SHM,"Perumahan Indah sejahtera siap huni,full renovasi di bandar lampung","Jual cepat Perumahan Indah sejahtera siap huni,full renovasi di bandar lampung
Provinsi: Lampung
Kota :  Bandar Lampung
Area :  Sukarame 
Alamat :  Perumahan Indah sejahtera 4, Blok M No.1 , Jl Pulau Sebesi ( Samping Lap Golf/ Dekat IAIN) sukarame,bandar lampung
Harga : 550 Juta Nego
Deskripsi rumah :  Rumah Di Hook
Luas bangunan : +\_ 100 m2
Luas tanah :  160 m2
Kamar tidur :  3
Kamar mandi :  2
Srtfikat :  SHM
Termasuk perabot atau TDK : AC 2 unit, Dapur kitchen set
Kondisi : Siap Huni, tinggal masuk
Tahun dbngun :  2012
Fasilitas :  Dekat kampus, sekolah, ada sarana umum, Masjid
Daya listrik : 1300 watt
Jumlah garasi : Bisa 2 mobil car port
No Hp wa:081369053302",
49,2/3/2021,"Bandar lampung, Jl dokter susilo, Teluk Betung Utara, Bandar Lampung, Lampung, 5 Kamar Tidur, 400 m², Rumah dijual, Oleh Ginanjar Agung, Rp 3,2 M, 18027533",3200000000,Lampung,495,400,5,4,0,0,1,0,2200,SHM,Bandar lampung,"Rumah Mewah Lungsir Dekat Kantor Walikota
DIJUAL RUMAH DAN TANAH
LUAS TANAH 495 M2
KAMAR TIDUR 5
KAMAR MANDI 4
KITCHEN SET & PANTRY MARMER
ADA JOGLO KECIL DAN TAMAN DI HALAMAN
DEPAN
LOKASI DI LUNGSIR DEKAT KANTOR WALIKOTA DAN
MASHID AGUNG AL-FURQON
KOTA BANDAR LAMPUNG",
50,3/3/2021,https://www.rumah123.com/properti/lampung-tengah/hos7987081/,460000000,Lampung,1067,996,5,2,0,0,0,0,450,SHM,(3660EF) Harga Khusus Sekarang Rumah Usaha Lokasi Strategis Langsung dipinggir Jalan Raya Lintas Timur Lampung Tengah,"(3660EF) Rumah Usaha Lokasi Strategis Lampung Timur Murah 
Dijual 
CEPAT, Rumah Usaha Lokasi Strategis, langsung dipinggir jalan raya 
Lintas Timur, Lampung Tengah, Lampung. Lt.1.067,5m, Lb.996m, SHM, 5Kt, 
2Km. Mendapatkan harga murah sekarang adalah INVESTASI yang tak ternilai
 untuk masa depan KARENA harga properti/rumah terus naik, Murah Rp.460jt
 nego langsung dengan pemilik sampai deal 

Note: 
Dapatkan BONUS menarik langsung dari pemilik 
Pemilik sedang butuh uang cepat 
Manfaatkan kesempatan emas, beli sekarang, pasti untung..!!

Untuk detail hubungi sekarang: 
EFIE Hp.087880252688 
Mau Respon Cepat, Langsung di WA saja..
Untuk Pencarian Cepat Sertakan Kode Iklan (3660EF)",
51,3/3/2021,https://www.rumah.com/listing-properti/dijual-dijual-murah-gedung-walet-masih-beroperasi-oleh-aloy-ho-18217067,1200000000,Lampung,1125,448,2,1,0,0,10,0,1300,SHM,Dijual murah gedung walet masih beroperasi,"Dijual Murah Gedung Walet Di Bulurejo LampungDijual Cepat Gedung Walet di Bulurejo Lampung
Luas Tanah: 1.125 m2
Bangunan: 448m2
3,5lantai
Ada rumah induk 1
Sertifikat hak milik

Harga: Rp. 1.200.000.000

Hubungi:
Aloy Ho
0819 9632 3832",
52,3/3/2021,https://www.rumah.com/listing-properti/dijual-dijual-rumah-bandar-lampung-oleh-jaya-kusuma-halim-17847242,9500000000,Lampung,6228,850,3,3,1,1,5,0,6600,SHM,Dijual Rumah Bandar Lampung,"Dijual Rumah Bandar LampungDIJUAL
Rumah Bandar Lampung
Luas Tanah : 6228m²
Luas Bangunan Rumah : ±350m²
Luas Bangunan Gudang : 500m²
Listrik Rumah : 6600watt
Listrik Gudang : 3500watt
Kt. 3+1
Km. 3+1
Harga Rp. 9,5M nego

Hub :
Jaya Halim
0818 0883 2288",
53,3/3/2021,https://www.rumah.com/listing-properti/dijual-dijual-rumah-tinggal-di-bandar-lampung-oleh-feli-tufelyanti-18283634,1000000000,Lampung,200,70,3,2,0,0,1,0,2200,SHM,Dijual Rumah tinggal di Bandar Lampung,"Dijual Rumah 1 lt dalam komplek perumahan di Bandar Lampung
Dijual rumah tinggal dalam komplek perumahan di Bandar Lampung ",
54,4/3/2021,https://www.rumah123.com/properti/bandar-lampung/hos7997198/,250000000,Lampung,98,62,2,1,0,0,1,0,1300,SHM,Rumah Murah Di Tanjung Senang Bandar Lampung,"RUMAH CLUSTER BUMI HARTA FAFIFA
SIAP HUNI TIPE 62/98

Lokasi : Jl.Bumi Harta,Way Kandis Bandar Lampung

#Lokasi Strategis :
 Dekat dengan Pusat Kota
 Dekat dengan Super Mall
 Dekat Kampus
 Dekat Fasum
 Dekat Fasos Pendidikan
 Dekat dengan Pusat Kesehatan
 Akad Notaris

#Spesifikasi :
 Luas Tanah 98 M,Luas Bangunan 62 M
 2 Kamar Tidur
 1 Kamar Mandi
 Carport
 Ruang Dapur
 Tempat Jemuran
 Lantai memakai kramik 40x40
 Atap PVC
 Kusen Kayu Cempaka
 Cat Nodrop
 Wc Duduk
 Sumur Bor + Pompa dan Tower
 Listrik 1300 Watt

#Skema Harga dan Pembayaran :
 Harga Cash Keras 300 jt
 Bisa tempo dengan DP 150jt bisa lebih...bisa kurang
 Bisa nego dikantor kita
   Sambil ngupi

#Dengan sistem Syariah : 
 Tanpa Sita
 Tanpa Denda
 Tanpa Bank
 Tanpa Bunga
 Persyaratan hanya KTP   KK

Yuk Survey, insyallah cocok dengan Rumah dengan tipe 62 /98 didalam kota tanjung senang  
dengan harga damai",
55,5/3/2021,"Rumah Bandar Lampung, Raja Basa Bandar Lampung, Tanjung Karang Pusat, Bandar Lampung, Lampung, 3 Kamar Tidur, 60 m², Rumah dijual, Oleh Dicky Litamahuputty, Rp 380 jt, 18342404",380000000,Lampung,88,60,3,2,0,0,1,0,1300,SHM,Rumah Bandar Lampung,"Rumah Bandar Lampung Di Raja Basa
Griya KANIO Kencana",
56,5/3/2021,https://www.rumah123.com/properti/bandar-lampung/hos8001414/,455000000,Lampung,90,51,2,1,0,0,1,0,1300,SHM,Rumah kedamaian kota baru,"Mau punya rumah tengah kota bandar lampung ?

PERINTIS CLUSTER

Kamar tidur: 2, Kamar mandi: 1, Ruang tamu, Ruang keluarga, Dapur,Teras & Carport

SPESIFIKASI:

Pondasi: Batu Belah
Struktur: Besi Bertulang
Rangka: Baja ringan
Lantai: Granit 60x60
Plafond: Gipsum
Listrik: 1300 watt
Sanitasi: Closed duduk
Air: Sumur Bor + Mesin air + Tower
Carport: Rabat Beton
Taman depan

Type 51/90
HARGA : Rp 455 jt

Lokasi: Jl. Haji Said deket sekolah bpk penabur kedamaian

Buruan booking hanya 2 unit..!",
57,9/3/2021,https://www.rumah123.com/properti/bandar-lampung/hos8015522/,1200000000,Lampung,146,210,3,3,0,0,1,0,1300,SHM,Rumah Siap Huni Wayhalim Bandar Lampung,"Lokasi : 
Jl.Sultan Agung Jalur 2 Wayhalim (Belakang Bakso soni) Bandar Lampung

Proses pembayaran :
1. Kredit Bank Syariah 
2. Cash Tempo
3. Cash Lunas

Siap Bangun   Bebas Design :
 Type = 210/ 146 M 
 Harga = Rp. 1.200.000.000
 DP Minim = 20 %

Bebas biaya :
BPHTB, Notaris, Proses Bank

Spesifikasi :
        3 Kamar Tidur luas 4*5
        3 Kamar Mandi
        1 Carport
        1 Ruang Tamu
        1 Ruang Keluarga
        1 Dapur
        1 Listrik 1300 watt
        1 sumur bor (mesin pompa air + tower)

Material Konstruksi :
        Closet Duduk, Shower,Batup
 Lantai Granit 60x60
        Plavon Gypsum/Pvc
        Kusen Kayu Damar
        Penerangan LED
 Kaca Jendela Polos
        Cat Jotun (Dinding,kusen,atap)
 Pondasi Batu Belah Hitam (Standard PU)
 Besi ukuran 10 (cash)
 Batu Bata Merah


Free :
        Jasa Arsitektur
        Garansi 6 Bulan",
58,11/1/2020,https://www.rumah.com/listing-properti/dijual-3-bedrooms-rumah-sukarame-bandar-lampung-lampung-oleh-yohan-18096763,300000000,Lampung,84,84,3,1,0,0,0,0,,SHGB,"3 Bedrooms Rumah Sukarame, Bandar Lampung, Lampung
Sukarame, Bandar Lampung, Lampung
","Dijual Rumah Di Sukarame, Bandar Lampung (Kode Dav162)
Berminat, silahkan Chat WA dengan menyebutkan kode properti ..

Atau bisa langsung ke kantor Ray White Lampung di :
Jl. P. Morotai Ruko Morotai Mas Blok B No.2, Jagabaya III- Way Halim, Bandar Lampung, 35132

Melayani Jual, Beli dan Sewa.
Persyaratan Jual dan Sewa :
- KTP
- SHM
- PBB
- IMB jika ada


salam, Ray White Lampung Morotai.",
59,9/3/2021,https://www.rumah123.com/properti/bandar-lampung/hos8014711/,450000000,Lampung,130,70,3,2,0,0,1,0,1300,SHM,Rumah Siap Huni Cempaka Waykandis Bandar Lampung,"Rumah Cempaka 2

type 70/130
Siap huni cocok untuk keluarga besar

Spesifikasi
- Kamar Tidur 3
- Kamar Mandi 2
- Ruang Tamu
- Dapur
- Taman
- Carpot
- Ruang Keluarga

Keunggulan
- Lingkungan sudah ramai
- Dekat Pasar Tradisional
- Dekat dengan Pusat Pendidikan
- Dekat dengan Mall Transmart
- Dekat dengan Pkor Wayhalim",
60,9/3/2021,https://www.rumah123.com/properti/bandar-lampung/hos8014856/,380000000,Lampung,84,54,2,1,0,0,1,0,1300,SHM,Perumahan Kurnia Residence Jagabaya Bandar Lampung,"KURNIA RESIDENCE CLUSTER

Type: 54/84 (7x12)

Spesifikasi:
- Kamar Tidur 2
- Kamar Mandi 1
- Carport, Taman, Dapur
- Sisa Ruangan terbuka di belakang
- Struktur Besi bertulang, - Rangka: Baja ringan,
- Dinding Bata merah,
- Lantai Granit,
- Listrik 1300,
- Plafond PVC Full ,
- Atap Genteng Metal Pasir,
- Air Sumur bor,
- Sanitair Closed duduk + Shower

Keunggulan
Dekat dengan Stasiun KAI Tanjung Karang
Lingkungan sudah ramai
dekat rs. betik hati
jalan akses sudah aspal
dekat mall ramayana",
61,9/3/2021,https://www.rumah123.com/properti/bandar-lampung/hos8014910/,449000000,Lampung,105,70,2,1,0,0,1,0,1300,SHM,Perumahan Mutiara Residence Purnawirawan Bandar Lampung,"MUTIARA RESIDENCE
RUMAH READY SIAP PAKAI

Spesifikasi :
- Luas Tanah 105 (7x15)
- Type Rumah 70
- Kamar Tidur 2
- Kamar Mandi 1
- Dapur
- Ruang Tamu
- Ruang Keluarga
- Closet Duduk
- Carport
- Sumur Bor

Keunggulan :
- One Gate System
- Nyaman dan aman
- Keamanan 24 jam
- Lingkungan bersih
- Dekat pusat pendidikan
- Dekat pusat perbelanjaan",
62,9/3/2021,https://www.rumah123.com/properti/bandar-lampung/hos8014792/,385000000,Lampung,80,50,2,1,0,0,1,0,1300,SHM,Perumahan D&#39;elisa Cluster Kedaton Bandar Lampung,"DELISHA CLUSTER

type 50/80

Spesifikasi Ruang :
- Kamar Tidur 2.
- Kamar Mandi 1.
- Ruang Tamu/Keluarga.
- Dapur Service Area.
- Cartport/Parkir Taman.

#Spesifikasi Bangunan :
- Pondasi 'Batu belah.
- Lantai 'Granit (60x60)
- Dinding Bata (Plester, aci cat)
- Kusen, Pintu/Jendela (Kayu Solid)
- Rangka Atap (Baja ringan)
- Atap 'Genteng Plentong (Mantili)
- Plafon Gibsum (Rangka besi hollow)
- Lantai Dinding Toilet (Kramik)
- Closet Duduk, Shower Jet washer.

#Fasilitas Hunian Keamanan :
- Sumur Bor (Mesin Air Tangki)
- Sumur Resapan (Air Kotor)
- Listrik PLN 1300 Wa.
- Exhaust Toilet, lnstalasi TV AC.
- Akses Jalan Lebar, (2Mobil)
- Satu Pintu Masuk/One gate system
Art ; Kuf Downlight, Mozaik, Batu alam/Paras Djogya.

keunggulan :
- Ibadah.
- Pendidikan, TK s/d Universitas.
- Pasar Tradisional.
- Stasiun KAI.
- Rumah Sakit.
- Olah raga Bermain 'PKOR.
- Mall Area Perkantoran.",
63,9/3/2021,https://www.rumah123.com/properti/bandar-lampung/hos8014752/,340000000,Lampung,80,50,2,1,0,0,1,0,1300,SHM,Binar Residence Tahap 2 Untung Suropati Bandar Lampung,"Perumahan One Gate system BINAR RESIDENCE TAHAP 2 Untung Surapati.

TIPE MINIMALIS
-Type 50/80 harga 340jt (CASH)
-Harga 350jt (KPR)

Harga kelebihan tanah : 2 Juta /m

Lokasi : Jl. Untung Suropati, Labuhan ratu, Kedaton

Spesifikasi Mewah
* 2 K. Tidur
* 1 K. Mandi
* Kloset duduk + Shower
* Kerangka baja ringan
* Genteng Metal Pasir
* Kusen almunium
* Ruang Tamu
* Ruang Keluarga
* Dapur
* Pintu samping
* Teras depan
* Taman
* Carport
* Granit 60 x 60
* Listrik 1300
* Sumur Bor + Sieble

Lokasi Sangat Strategis

Dekat kampus Darmajaya, UBL,
Universitas Lampung,
Sekolah Darma Bangsa,
Global Surya,
Mall Boemi Kedaton,
Transmart,PKOR Way Halim.",
64,9/3/2021,https://www.rumah123.com/properti/bandar-lampung/hos8014592/,220000000,Lampung,72,36,2,1,0,0,1,0,1300,SHM,Perumahan Sakura Residence 2 Kemiling Bandar Lampung,"Perumahan Sakura Residence 2 Kemiling Bandar Lampung

Jl. Bayangkara Beringin Raya, Kec. Kemiling, kota Bandar Lampung

type 36/72

Spesifikasi
Kamar Tidur 2
Kamar Mandi 1
Ruang Tamu
Dapur
Carpot
Ruang Tamu

Keunggulan
Keamanan 24 jam
Pagar Keliling
Jalan Akses Lebar
Dekat SMA7 Bandar Lampung
Dekat Pusat Perbelanjaan
Dekat SPBU",
65,9/3/2021,https://www.rumah123.com/properti/bandar-lampung/hos8014529/,530000000,Lampung,115,70,3,2,0,0,1,0,1300,SHM,Perumahan Grand Fawz Gunung Terang Bandar Lampung,"PERUM. GRAND FAWZ SWADAYA 4 GUNUNG TERANG

Lokasi: Jl. Griya Sejahtra Gg. PU Swadaya 4 Gunung Terang, Bandar Lampung

Type:
Type: 70/115M
Kamar Tidur 3
Kamar Mandi 2

HARGA KPR: Rp. 550.000.000,-
KPR : 495.000.0000,-
CASH : 530.000.000,-
Terima SHM BBN An. Pembeli

SISTEM PEMBAYARAN KPR:
Booking: 5jt (Termasuk DP)
DP: 55jt All In
Angsuran 4,8jt'an/15th

CASH TEMPO CASH KERAS

SPESIFIKASI:
Pondasi: Batu Belah
Dinding: Bata Plaster Aci Cat
Slof: Beton Bertulang
Lantai: Granit 60 x 60
Plafond: Gypsum Rangka Holow + Dekor
Listrik: 1300 Watt
Air: Sumur Bor+Mesin+Towr Masing2
Genteng: Mantili Finishing cat
Rangka atap: Baja ringan
Pintu Kusen: Kelas I Cempaka Plitur
Dapur + Wastafel
Sanitasi: Closed duduk Jongkok + Shower
Carport: Batu Sikat
Taman",
66,17/3/2021,https://www.rumah123.com/properti/bandar-lampung/hos8046056/,585000000,Lampung,130,75,3,2,0,0,1,0,1300,SHM,"Rumah minimalis modern terjangkau, kota bandar lampung","CLUSTER GLOBAL RESIDENCE
- Hanya 3 unit
- Rumah ready siap huni
- Siap bangun & bebas desain tata ruang

Lokasi Global Madani Pramuka Rajabasa Bandar Lampung
- Dekat Malahayati
- Dekat Samsat
- Dekat Unila
- Dekat Mall Ramayana Robinson

Type 75/130
- Kamar Tidur 3
- Kamar Mandi 2
- Carport & Taman
- Halaman belakang
- Ruang Tamu
- Ruang Keluarga
- Dapur
- Listrik 1.300 watt

Spesifikasi bangunan
- Teras atap cor
- Lantai Granit 60 x 60
- Plafon Pvc Modern
- Closet Duduk + Shower + Floor drain
- Lantai kamar mandi keramik 20x20
- Dinding kamar mandi keramik 20x25
- Meja dapur keramik 20x20

Harga Rp 585 Juta
- KPR DP 10%


Informasi detail hub
Tlp/Wa/Tele 0822 8281 1119

",
67,19/3/2021,"Rumah bandar lampung, Turi raya, Tanjung Senang, Bandar Lampung, Lampung, 3 Kamar Tidur, 90 m², Rumah dijual, Oleh Anton Priono, Rp 586 jt, 18288591",586000000,Lampung,140,90,3,2,0,0,2,0,1300,SHM,Rumah bandar lampung,"Rumah Mewah Tanjung Senang
Yakin gak mau dengan rumah mewah ini?
Spesifikasi bangunan ajib dan berkelas

Mulai tipe 90/140
Kt 3
Km 2
Lokasi tepi jalan utama Tanjung senang",
68,22/3/2021,https://www.rumah123.com/properti/bandar-lampung/hos8061611/,590000000,Lampung,91,140,3,2,0,0,1,0,1300,SHM,Perumahan Bukit Alam Permai I Pramuka Rajabasa,"Perumahan Bukit Alam Permai I 

Type 140/91

Spesifikasi:
3 kamar tidur 
2 kamar mandi
Ruang Keluarga 
Ruang Tamu
Teras Carpot
Balkon Atas
Taman
Listrik 1300kwh

Keunggulan:
Dekat Kampus Malhayati
Dekat SMPN 2 Bandar Lampung 
Dekat Samsat Rajabasa 
Lokasi Pinggir Jalan
Akses Jalan Lebar
Kemanan 24 jam",
69,23/3/2021,https://www.rumah.com/listing-properti/dijual-rumah-mewah-murah-p-singkep-sukarame-oleh-ginanjar-agung-18021780,2700000000,Lampung,550,300,5,3,0,0,4,2,2200,SHM,Rumah mewah murah P singkep sukarame,"Rumah mewah tropis nyaman Jl p singkep sukarame murah
                                    LT 550m2

LB 300m

Kamar 5

km 3

dapur terpisah

SHM

Air PAM

Gazebo

Listrik 2200

Garasi 2 mobil 

Halaman 4 mobil

Taman belakang 

Taman atas 

Bethube

Ruang karoke keluarga

Musholah
                                    ",
70,11/2/2021,https://www.rumah.com/listing-properti/dijual-studio-rumah-rajabasa-bandar-lampung-lampung-oleh-yohan-18193461,562500000,Lampung,96,72,,,0,0,0,0,,SHGB,"Studio Rumah Rajabasa, Bandar Lampung, Lampung","Dijual Rumah di Rajabasa, Bandar Lampung (kode pu245)
                                    Berminat, silahkan Chat WA dengan menyebutkan kode properti ..



Atau bisa langsung ke kantor Ray White Lampung di :

Jl. P. Morotai Ruko Morotai Mas Blok B No.2, Jagabaya III- Way Halim, Bandar Lampung, 35132



Melayani Jual, Beli dan Sewa.

Persyaratan Jual dan Sewa :

- KTP

- SHM

- PBB

- IMB jika ada





salam, Ray White Lampung Morotai.",
71,24/3/2021,https://www.rumah123.com/properti/bandar-lampung/hos8074845/,2990000000,Lampung,425,400,7,5,0,0,1,7,3500,SHM,Rumah mewah  ada kolam renang di bandar lampung,"Bismillah

Dijual cepat rumah mewah seperti baru

Lokasi sangat strategis di kota bandar lampung
- Kota Sepang belakang telkom dan radar lampung
- Dekat dengan Mall Boemi Kedaton
- Dekat dengan Mall Transmart
- Dekat Kampus Teknokrat, UBL dan Unila

**Bangunan rumah tahun 2019

Rumah Mewah 2 lantai
- Type 400
- Luas tanah 425 meter
- Kamar Tidur 7
- Gudang 1
- Kamar mandi 5
- Instalasi Waterheater
- Carport + Garasi 7 mobil
- Taman depan dan samping rumah
- Kitchen set
- Meja TV
- Gorden
- Kolam renang

Legalitas Sertifikat

Harga Rp 3 M Direct Owner

Informasi dan negosiasi hub
Tlp/Wa/Tele 0822 8281 1119
:::
Rumah bandar lampung
Rumah mewah bandar lampung
Rumah dijual bandar lampung
Perumahan bandar lampung",
72,25/3/2021,https://www.rumah123.com/properti/bandar-lampung/hos2941706/,1240000000,Lampung,160,130,3,3,0,0,0,0,2200,SHM,Rumah 2 Lantai Tipe 130/160 Alamanda,"Type 130/160 Alamanda



Rumah yang terletak di alam perbukitan dengan view mengarah ke teluk lampung



Dengan Harga yang sangat terjangkau

- 10 Menit dari pusat kota

- Siap Huni Segera

- View Bukit dan Laut

- Security 24 Jam

- Sertifikat Sudah Pecah

- Fasilitas Lengkap



Fasilitas yang akan Anda nikmati nantinya:

Kafe dan Kolam Renang, ada Sarana Olahraga dan pastinya Keamanan 24 jam



Lokasi sangat strategis hanya 10 menit dari pusat kota

dekat dengan kantor pemerintahan, supermarket, Sekolah dan Puskesmas",
73,26/3/2021,https://www.rumah123.com/properti/bandar-lampung/hos8085619/,2200000000,Lampung,300,380,4,3,1,1,0,2,2200,SHM,Rumah Mewah Murah di Kedamaian Bandar Lampung,"Rumah Mewah dijual Murah di Kedamaian Bandar Lampung

Rumah Elegan Modern, Kedamaian.
Dijual Cepat, Siapa Huni. Harga di bawah pasaran
::
Luas Tanah 300mtr
Luas Bangunan 380mtr
Posisi Hook

* Hanya berjarak 100mtr dari jalan utama HRM Mangundiprojo, Kedamaian.
* Dari Indomaret 150an meter.
* Ke SPBU Kedamaian, berjarak 300an meter.
* Dekat dari masjid
* Lokasi aman dan nyaman

Fasilitas Rumah :
* Kamar tidur 4
* Kamar pembantu 1
* Kamar mandi 4
* Garasi muat 2 mobil
* Taman depan dan samping
* Ada ruang fitness
* Kolam ikan hias
* Pintu gerbang ada dua. * 1 pintu utama menghadap selatan, satu pintu kedua menghadap timur.
* Bangunan dua lantai
Pintu kayu dari merbau papua.

Investasi harga 2,2milyar nego sampai jadi.",
74,26/3/2021,"Kedaton bandar Lampung, PU pagar alam blkg cosmo, Tanjung Karang Pusat, Bandar Lampung, Lampung, 4 Kamar Tidur, 140 m², Rumah dijual, Oleh Anton Priono, Rp 699,999999 jt, 18276612",700000000,Lampung,104,140,4,3,0,0,2,0,1300,SHM,Kedaton bandar Lampung,"Rumah Kedaton 2 Lantai
luas tanah 107
luas bangunan 140
harga 700 jt
▶Kamar Tidur 4, Kamar Mandi 3
▶Pondasi Pasangan batu belah, sloof, tiang kolom, ring balok, beton bertulang
▶Kusen Kayu kelas II
▶Daun Pintu Panel kelas II
▶Jendela Bingkai kayu kelas II
▶Lantai Granit 60x60
▶Rangka atap baja
▶Genteng Mantili di cat
▶Plafon Gypsum
▶Cat tembok Jotun
▶Closet duduk
▶Carport
▶Sumur bor 30 meter+pompa air+tower ½ kubik ▶Listrik 1.300 watt",
75,26/3/2021,https://www.rumah.com/listing-properti/dijual-rumah-bandar-lampung-oleh-anton-priono-18283457,584500000,Lampung,130,71,3,1,0,0,1,0,1300,SHM,Rumah bandar lampung,"Rumah Rajabasa Bandar Lampung
Pernah denger lagu yg lirik nya begini..?

""Harta yang paling berharga,adalah keluarga""

""Mutiara yang paling indah, adalah keluarga""..

Reff nya

""Selamat pagi emak""
""Selamat pagi abah""...

Btw btw..
Just info aja nih om/tante

Ada 1 cluster yg lokasinya pas banget buat keluarga anda,fasilitas pendukung nya juga berpengaruh baik bagi tumbuh kembang anak anak kita....( ciee..ciee ,yang masih single maaf maaf nih bukan nyindir",
76,26/3/2021,"Sukabumi, bandar lampung, Tirtayasa dekat smkn 5, Sukabumi, Bandar Lampung, Lampung, 3 Kamar Tidur, 65 m², Rumah dijual, Oleh Anton Priono, Rp 500 jt, 18250101",500000000,Lampung,177,65,3,2,0,0,1,0,1300,SHM,"Sukabumi, bandar lampung","Rumah Murah Sukabumi
Rumah siap huni dengan halaman belakang yg luas

Griya Kalimantan

Luas banguan : 65 m2
Luas tanah : 177 m2
Kamar tidur/mandi : 3 kt 2 km
Ststus : SHM
Harga : Rp 500 jt
Lokasi : jalan kalimantan sukabumi

Bonus : AC, KANOPI , TORN AER, PAGER MINIMALIS

Keunggulan : rumah siap huni hanya 100 mrr dari jalan raya tirtayasa deket smkn 5 sukabumi bandar lampung",
77,26/3/2021,"Perumahan Murah di Lampung dekat pasar Waykandis Bandar Lampung, Jalan Airan Raya, gang Kutilang, Sukarame, Bandar Lampung, Lampung, 2 Kamar Tidur, 45 m², Rumah dijual, Oleh Firman Falani, Rp 225 jt, 18398371",225000000,Lampung,72,45,2,1,0,0,1,0,1300,SHM,Perumahan Murah di Lampung dekat pasar Waykandis Bandar Lampung,"Rumah Murah Di Waykandis Dekat Pasar Jatimulyo
Perumahan Murah di Lampung dekat pasar Waykandis Bandar Lampung

Perumahan Design Modern
Griya Annisa Way Hui
DEKAT ke Airan Raya & Pasar Jatimulyo
Lokasi = Jl.Airan Raya Gg. Kutilang
Way Hui

••√Type rumah
*Type 45/72

••√Spesifikasi Bangunan :
*Kamar Tidur 2, Kamar Mandi 1
*Pondasi Pasangan batu belah, sloof, tiang kolom, ring balok, beton bertulang
*Kusen Kayu kelas II
*Daun Pintu Panel kelas II
*Jendela Bingkai kayu kelas II
*Lantai Granit 60x60
*Rangka atap baja
*Genteng Mantili di cat
*Plafon PVC
*Closet duduk
*Carport
*Sumur bor 30 meter+pompa air+tower ½ kubik
*Listrik 1.300 watt

••√Keunggulan :
*Lokasi strategis dekat ke RS.Airan, Pasar Jatimulyo & ITERA
*Jalan perumahan lebar 5 meter
*Perumahan di dalam pagar keliling, one gate system
*Lingkungan perumahan aman dan nyaman

••√Proses :
*KPR DP 20% diluar biaya proses
*Bisa Cash Bertahap maksimal 2 tahun dengan DP min. 50%

••√ Harga
*Cash : Rp. 225.000.000
*Tempo 12 bln : Rp. 255.000.000
*Tempo 24 bln : Rp. 285.000.000
*KPR : Rp. 255.000.000

Kelebihan tanah Rp.1.750.000 /m²",
78,26/3/2021,https://www.rumah.com/listing-properti/dijual-rumah-sukarame-bandar-lampung-oleh-anton-priono-18302623,560000000,Lampung,152,70,3,2,0,0,2,0,1300,SHM,Rumah sukarame bandar lampung,"Rumah Sukarame Bandar Lampung
GRIYA SINGKEP Tahap 2 (Rumah inden)

Tipe 70/152

Kamar tidur: 3,

Kamar mandi: 2,

Ruang tamu, Ruang keluarga, Dapur,Teras & Carport SPESIFIKASI: • Pondasi: Batu Belah • Struktur: Besi Bertulang • Rangka: Baja ringan • Atap: Limas • Lantai: Granit 60x60 • Plafond: PVC • Listrik: 2200 watt • Sanitasi: Closed duduk + Shower • Air: Sumur Bor + Mesin air + Tower • Carport: Rabat Beton • Taman depan .",
79,26/3/2021,"rumah murah lampung rajabasa, pramuka, Rajabasa, Bandar Lampung, Lampung, 3 Kamar Tidur, 140 m², Rumah dijual, Oleh Anton Priono, Rp 590 jt, 18378376",590000000,Lampung,90,140,3,2,0,0,1,0,1300,SHM,rumah murah lampung rajabasa,"Rumah Murah Bandar Lampung
Rumah second 2 lantai mewah harga murah
Lokasi perumahan bukit alam permai jl.Pramuka Rajabasa

Luas bangunan 140 luas tanah 91
3 kamar tidur 2 kamar mandi..

Lokasi belakang SMPN 2 Bandar Lampung dekat Samsat Rajabasa ,

Harga cash 590 JT",
80,26/3/2021,https://www.rumah.com/listing-properti/dijual-senopati-residence-bandar-lampung-oleh-dicky-litamahuputty-18274274,468000000,Lampung,117,60,3,2,0,0,1,0,1300,SHM,Senopati Residence Bandar Lampung,"Cluster Senopati Residence Bandar Lampung
CLUSTER SENOPATI RESIDENCE
Jl.Senopati I Korpri Jaya Bandar Lampung
Tersedia Total 14Unit

Sistem Bayar
* Harga Mulai 468Jtan
* Cash Tempo 12 Bulan
* KPR Bank DP Rp 20%
* Bebas Biaya Notaris, Pajak & Proses Bank

SPESIFIKASI BANGUNAN
• All Type 60/70/80
• 3 Kamar Tidur
• 2 Kamar Mandi
• Carport
• Taman
• Ruang Tamu
• Ruang Keluarga
• Dapur
• Closed Duduk dan Jongkok
• Listrik 1300w
• Sumur Bor+mesin+tower
• Jalan Lebar 6m
• One Gate Sistem

KUALITAS BANGUNAN
• Lantai Granit 60x60
• Plavon PVC
• Kusen Kayu Jati
• Lighting LED
• Cat Jotun

AKSES TERDEKAT
- Sekolah Man 1
- Kampus UIN, ITERA
- Pintu TOL ITERA
- Polsek dan POLDA Baru
- Mall Transmart dan Pusat Kota",
81,26/3/2021,"Rumah Murah Bandar Lampung, Jl. Delima Korpri Raya Bandar Lampung, Sukarame, Bandar Lampung, Lampung, 2 Kamar Tidur, 45 m², Rumah dijual, Oleh Dicky Litamahuputty, Rp 330 jt, 18274304",330000000,Lampung,72,45,2,1,0,0,1,0,1300,SHM,Rumah Murah Bandar Lampung,"Rumah Murah Di Bandar Lampung
PERUMAHAN Dekat Dengan
Kampus UIN dan ITERA

PERUMAHAN GRIYA FANTASI
Lokasi :
Komplek Korpri Sukarame


➡️Pilihan Type Rumah",
82,27/3/2021,https://www.rumah123.com/properti/bandar-lampung/hos8088659/,1400000000,Lampung,300,288,4,3,0,0,0,3,2200,SHM,Rumah murah  cepat nego di bandar lampung,"Bismillah

Dijual cepat rumah pribadi akses kota bandar lampung

Lokasi 
- Belakang bebek Pak Selamet Za Pagar Alam
- Bisa dari Gg Pu Pagar Alam

Luas Tanah 300 M
- Luas Bangunan 288 M
- Kamar Tidur 4
- Kamar Mandi 3 
- Garasi Mobil 3 luas
- Ruang Jemur Lantai Atas
- Sumur Bor
- Listrik 2200
- Gas Dalam Tanah

Akses
3 Menit ke Mall Bumi Kedaton
2 Menit ke Universitas Tehnokrat
3 Menit ke Universitas Bandar Lampung
4 Menit ke Universitas Dharma jaya 
4 Menit ke sekolah Dharma Bangsa
6 Menit ke Universitas Lampung
30 Menit Bandara Radin intan

Legalitas sertifikat

Harga Rp 1,4 M nego Direct Owner

Informasi dan negosiasi hub
Donny
Tlp/Wa/Telw 0822 8281 1119",
83,27/3/2021,https://www.rumah.com/listing-properti/dijual-rumah-mewah-desain-klasik-di-tanjung-karang-lampung-oleh-meliana-17953365,575000000,Lampung,90,90,5,3,0,0,1,0,2200,SHM,Rumah mewah desain klasik di tanjung karang lampung,"Perumahan syariah di bandar Lampung
Perumahan Syariah Desain Eropa Klasik Modern Villa Amani Bandar Lampung ", 
84,28/3/2021,https://www.rumah.com/listing-properti/dijual-rumah-murah-bandar-lampung-di-kedamaian-oleh-dicky-litamahuputty-18329010#contact-agent,450000000,Lampung,125,70,2,1,0,0,1,0,1300,SHM,Rumah Murah Bandar Lampung di Kedamaian,"Rumah Murah Bandar Lampung Di KedamaianMenawarkan Hanya 1 Unit
Rumah Siap Huni
Dengan Akses Perumahan
One Gate System
Lokasi :
Perumahan Permata Gading
Kedamaian - Bandar Lampung
Akses Lokasi Strategis ke
UTB
BPK PENABUR
PUSAT KOTA BANDAR LAMPUNG
Type 70/125
2 Kamar Tidur
2 Kamar Mandi
Carport
Ruang Tamu
Ruang Keluarga
Dapur
Sisa Tanah Belakang Luas
Skema Pembayaran :
• KPR Bank Rp. 480.000.000,-
• Cash Rp. 450.000.000,-
Spesifikasi :
Rangka Atap Baja Ringan
Atap Genteng
Lantai Keramik
Plapon Gypsum
Kloset Duduk
Sumur Bor
.
.
.
Info Lengkap
Tlp/Wa 08129330251
.
.
#rumahmurahlampung
#rumahdijualbandarlampung
#jualrumahbandarlampung
#propertylampung
#propertilampung
#rumahminimalis
#rumahmurahdilampung
#rumahmewahlampung
#rumahmurahbandarlampung
#rumah
#rumahmodern
#rumahsiaphuni
#perumahanlampung
#perumahanbandarlampung
#rumahkece
#rumahmewah",
85,29/3/2021,"Rumah Dijual Jl Gatot Subroto Bandar Lampung Bandar Lampung, Tanjung Karang Barat, Bandar Lampung, Lampung, 3 Kamar Tidur, 210 m², Rumah dijual, Oleh Heri ., Rp 4,5 M, 18409002",4500000000,Lampung,489,210,3,3,0,0,0,0,3500,SHM,Rumah Dijual Jl Gatot Subroto Bandar Lampung Bandar Lampung,"Rumah Dijual Jl Gatot Subroto Bandar Lampung Bandar Lampung
Alamat : JL GATOT SUBROTO BANDAR LAMPUNG
Lokasi : Lampung, Bandar Lampung , Tanjung Karang Pusat
Tipe : Rumah
Transaksi : Jual
Sertifikat : SHM
LT/LB : 489 m2 / 210 m2
Dimensi : -
KT/KM : 3 / 3
Orientasi : 0
Listrik/Air/No.Telepon : 3500 / Sumur Bor

BONUS 3 AC, 3 WATERHEATER, 1 LEMARI, 1 SPRINGBED, 1 ETALASE, PLAFON TINGGI ",
86,30/3/2021,https://www.rumah123.com/properti/bandar-lampung/hos8085324/,2500000000,Lampung,1097,450,25,10,0,0,0,0,3500,SHM,Rumah kost 25 kamar profitable aktif plus cafe,"Dijual murah rumah kost aktif plus cafetaria di tanjung karang pusat bandar lampung

Luas tanah 1.097 m2
Luas bangunan 450m2
SHM

Terdapat (25) kamar kost, (10) kamar mandi dan (2) dapur umum
Halaman asri, kamar lega, tempat parkir, kolam ikan, ruang serbaguna, dll

Masih tersedia tanah kosong di bagian depan dan belakang untuk dibangun kamar kost atau lainnya

Harga 2,5 M nego",
87,30/3/2021,https://www.rumah123.com/properti/bandar-lampung/hos8100122/,2300000000,Lampung,495,400,8,5,1,1,1,0,5500,SHM,Rumah mewah bandar lampung,"Rumah mewah  Bandar Lampung

#SPESIFIKASI ::
 LT 492m
 Kamar Tidur 8
 Kamar Mandi 5
 Ruang makan + mini bar
 Dapur bersih +dapur kotor
 Ruang karaoke
 Ruang utk main bilyar
 Lantai Granit
 Plapon PVC + Downlight
 Listrik 5500w
 Carport + Taman
 Sumur Bor
 Jalan aspal


#AksesDekat ::
 Mall MBK
 SMAN 9
 Kampus TENOKRAT, UBL, DARMAJAYA
 Pusat Kota Bandar Lampung",
88,30/3/2021,https://www.rumah.com/listing-properti/dijual-dijual-rumah-di-perumahan-bumi-puspa-kencana-bandar-lampung-oleh-haida-aisyah-18386576,750000000,Lampung,219,160,5,3,0,0,0,2,1300,SHM,Dijual Rumah di Perumahan Bumi Puspa Kencana bandar Lampung,"Dijual Rumah di Perumahan Bumi Puspa Kencana bandar Lampung
                                    Rumah dijual

Perumahan Bumi Puspa Kencana, jl.ZA Pagaralam,  Gedung Meneng, Kota Bandar Lampung. 



Lt/lb. 219/160

Air pam perum

SHM

2 rumah induk

5 kmr tdr

3 kmr mandi

Listrik 1300 W

Garasi 2 kamar.

Harga 750 juta nego
                                    ",
89,31/3/2021,"Rumah Murah Bandar Lampung, Purnawirawan, Tanjung Karang Pusat, Bandar Lampung, Lampung, 2 Kamar Tidur, 52 m², Rumah dijual, Oleh Yadi ., Rp 270 jt, 18350557",270000000,Lampung,72,52,2,1,0,0,1,0,1300,SHM,Rumah Murah Bandar Lampung,"Rumah Murah Bandar Lampung
Lokasi Sangat Strategis dekat :
kampus Darmajaya, UBL, Universitas Lampung, Sekolah Darma Bangsa, Global Surya, Mall Boemi Kedaton,Transmart,PKOR Way Halim.

Survey sekarang sebelum kehabisan unitnya.


#Rumahsyariahlampung #Rumahmurahkedaton
#rumahdibandarlampung",
90,31/3/2021,"Rumah Murah Bandar Lampung, Jl. Alimudin Amir, Tanjung Karang Pusat, Bandar Lampung, Lampung, 2 Kamar Tidur, 40 m², Rumah dijual, Oleh Yadi ., Rp 175 jt, 18360796",175000000,Lampung,92,40,2,1,0,0,1,0,1300,SHGB,Rumah Murah Bandar Lampung,"Rumah Murah Bandar Lampung
• Type 36/92
• Harga Rp. 175 Juta
• Akad Notaris Legalitas SHM",
91,31/3/2021,"Rumah Murah Bandar Lampung, Karimun jawa, Sukarame, Bandar Lampung, Lampung, 3 Kamar Tidur, 100 m², Rumah dijual, Oleh Yadi ., Rp 600 jt, 18407889",600000000,Lampung,180,100,3,2,0,0,2,0,1300,SHM,Rumah Murah Bandar Lampung,"Rumah Murah Siap Huni Bandar Lampung
Rumah komersil siap huni
Type 100/180
Harga Rp. 600 Juta

- Samping SDN1 Sukabumi
- Dekat masjid
- Dekat Sd It permata bunda

Spesifikasi
- Pondasi Batu Belah
- Dinding Batamerah
- Lantai Granit
- Kusen Kayu cempaka

Rumah dengan fasilitas 3 kamar tidur
dua kamar mandi.",
92,31/3/2021,https://www.rumah.com/listing-properti/dijual-rumah-murah-siap-huni-dp-10-jt-di-antasari-oleh-yusuf-syamsudin-16467335,310000000,Lampung,84,45,2,1,0,0,1,0,1300,SHM,Rumah Murah Siap Huni Dp 10 Jt di Antasari,"Rumah Murah Siap Huni Dp 10 Jt Di AntasariPromo Rumah Murah di Antasari Permai Bandar Lampung
Lokasi dijamin Strategis ,Legalitas Aman dan Jelas
Dekat Giant antasari,Chandra Antasari ,Transmart,Pasar Tugu ,Rs emanuel ,Rs Graha husada ,Rs Urip sumoharjo ,UIN lampung ,Sekolah TMI ,Man model , Sarana Perbankan yang Komplit dan Masih banyak Lagi

Harga
Cash 310 juta
KPR DP 10 juta
Ang 3 Juta an x 15 Tahun

Harga sudah Termasuk Biaya KPR adm bank , Apraisal ,Asuransi Jiwa dan Kebakaran
Harga blm Termasuk Pajak Pembeli dan Balik nama Notaris ( dibayar setelah Acc )

Jangan Sampai Kehabisan
Promo Berbatas Waktu
Kapan lagi bisa Punya Tempat tinggal Strategis di dalam kota dengan Harga Terjangkau

More Info
YUSUF
085379248690",
93,1/4/2021,"Rumah Murah Bandar Lampung, Jl. Pramuka bandar lampung, Kedaton, Bandar Lampung, Lampung, 2 Kamar Tidur, 60 m², Rumah dijual, Oleh Dicky Litamahuputty, Rp 397,25 jt, 18319566",397250000,Lampung,90,60,2,1,0,0,1,0,1300,SHM,"Rumah Murah Bandar Lampung
Rumah","Rumah Murah Bandar Lampung
DEKAT DENGAN SAMSAT & KAMPUS MALAHAYATI
PERUMAHAN BUKIT ALAM PERMAI
SIAP HUNI DAN LOKASI STRATEGIS",
94,2/4/2021,https://www.rumah.com/listing-properti/dijual-rumah-lampung-kpr-tanpa-bank-oleh-dwi-shabrina-17975883,575000000,Lampung,90,90,5,3,0,0,1,0,2200,SHM,RUMAH LAMPUNG KPR TANPA BANK,"Hunian Di Pusat Kota Bandar Lampung Strategis Akses Sangat MudahPerumahan Syariah Desain Eropa Klasik Modern Villa Amani Bandar Lampung

* Apakah Anda Mencari Hunian yang Prosesnya mudah tanpa Bank?
* Apakah Anda Mencari Rumah Terjangkau di Kota Bandar Lampung?
* Apakah Anda Mau mencari Rumah yg 5 Kamar tidur terjangkau?

Alhamdulillah setelah dimudahkan oleh Alloh di berbagai lokasi dan dengan izin Alloh kami bisa bertahap membangun, saat ini kami hadir menawarkan kembali dengan harga yang affordable alias terjangkau untuk ukuran lokasi Kota Bandar Lampung

✅ Dengan Tetap Mengusung konsep Syariah Tanpa Riba,
-Tanpa Bank
-Tanpa Denda
-Tanpa Sita
-Tanpa Akad Bathil

✅ Lokasi Strategis :
Sekolah :
- 0.6 Ar Raihan Islamic School
- 1.1 Km SDIT Permata Bunda
- 1.1 Km SMK Bakti Utama
- 1.2 Global Surya School
- 2.1 Km SMA Negeri 9 Bandar lampung
- 2.4 Km SMP Negeri 10 Bandar Lampung
- 2.8 km Fitrah Insani Islamic Junior High School
- 2.1 Km Universitas Bandar lampung
- 2 Km Universitas Teknokrat Indonesia
- 3.6 km Universitas Lampung
- 5.6 Km Malahayati University

Pusat Belanja :
- 0.8 km Alfamart Pagar Alam
- 1.5 Km Giant Express
- 2.3 km mall boemi kedaton
- 5.8 Km lotte Grosir Lampung

Fasilitas Cluster :
- Mushola
- Mini kolam Renang
- Taman Bermain
- Security 24 Jam

LEGALITAS : SHM,IMB,PBB
Free Biaya Surat-Surat

Marketing : DWI SHABRINA
Wa : 0812 1355 0703
Agency Tamr Realty",
95,11/1/2021,https://www.rumah.com/listing-properti/dijual-dijual-murah-rumah-mewah-tanah-luas-di-dekat-kampus-ter-besar-sumatra-korpri-bandar-lampung-oleh-rama-18026676,260000000,Lampung,400,60,3,2,0,0,2,0,1300,AJB,DIJUAL MURAH RUMAH MEWAH+TANAH LUAS DI DEKAT KAMPUS TER BESAR SUMATRA KORPRI BANDAR LAMPUNG,"Rumah Murah Itera Korpri Bandar Lampung
Kapan lagi Beli tanah MURAH BANGED dg luas 400mtr harga murah dapet bonus bangunan nya atau RUMAH.. waaw

RUMAH MURAH
LOKASI SANGAT STRATEGIS
TER DEKAT DARI

KAMPUS ITERA KORPRI SUKARAME
PONPES TAHFIZ QURAN
KANTOR DAN PERUM POLDA

Alamat Lokasi
Jl Desa GEDUNG HARAPAN DEKAT KAMPUS ITERA
Lampung selatan

Spesifikasi
- Type 200/400mter
- Harga 260Juta (masih bisa di nego)
- Status surat AJB

- Kamar tidur 3
- kamar mandi 2
- Ruang tamu
- Ruang keluarga
- Dapur
- Carport
- Sisa halaman belakang
- Sumber air sumur galian
- Listrik 900watt
- Tinggal di poles2 sedikit langsung mewah

Selling Pooint:
- Dekat Dengan Kantor Provinsi Lampung
- Dekat Dengan Pintu Tol Kota Baru
- Dekat Dengan Kantor Dinas Polda Lampung
- Terdekat dr unif ITERA dan KOTABARU
- Dekat dengan podok pesantren dan sarana ibadah
- Dekat dengan sekolahan negri
- Dekat dg puskesmas banjar agung
- Dekat dg kantor kelurahan, camat dan aparat desa banjar agung
- Dekat dg perum POLDa

Nb:
Beli tanah... bonus RUMAH
waaaw..

Mau memiliki ASET di Bidang Prproperty sekarang atau nanti adalah KEPUTUSAN anda, Tapi keputusan anda tidak akan pernah merubah KENYATAAN bahwa Harga PROPERTY akan TETAP selalu NAIK, dan TERUS NAIK.
Maka SEGERALAH investasikan dg CERDAS Keuangan dan FINANCIAL anda..",
96,3/4/2021,https://www.rumah.com/listing-properti/dijual-4-bedrooms-rumah-tanjung-karang-timur-bandar-lampung-lampung-oleh-yohan-18419678,1300000000,Lampung,127,156,4,3,0,0,0,0,2200,SHM,"4 Bedrooms Rumah Tanjung Karang Timur, Bandar Lampung, Lampung","Dijual Rumah Di Prm.Central Garden Residence, Way Halim (Kode Heru331)Berminat, silahkan Chat WA dengan menyebutkan kode properti ..

Atau bisa langsung ke kantor Ray White Lampung di :
Jl. P. Morotai Ruko Morotai Mas Blok B No.2, Jagabaya III- Way Halim, Bandar Lampung, 35132

Melayani Jual, Beli dan Sewa.
Persyaratan Jual dan Sewa :
- KTP
- SHM
- PBB
- IMB jika ada


salam, Ray White Lampung Morotai.",
97,4/4/2021,https://www.rumah123.com/properti/bandar-lampung/hos8121454/,2575000000,Lampung,2662,378,11,7,0,0,20,3,2200,SHM,Rumah mewah  nego di bandar lampung,"Bismillah

Dijual cepat rumah villa mewah keluarga
- Lingkungan aman dan tenang
- View bukit dan sawah perdesaan
- 10 menit ke pasar tradisional untung suropati
- 20 menit ke kampus unila
- 30 menit ke Mall Boemi Kedaton

Luas tanah 2.662 meter (dalam pagar keliling) 
- Rumah 2 lantai
- Type 378 meter
- Pos Satpam

**Lantai 1
- Kamar Tidur 7 (4 kamar tidur + Ac) 
- Kamar mandi 6 (5 didalam kamar) 
- Sumur bor & sumur tradisional
- Ruang tamu (AC) 
- Ruang Keluarga
- Dapur bersih & dapur kotor
- Ruang Makan
- Ruang cuci dan jemur
- Ruang santai serbaguna
- Teras belakang rumah
- Kolam ikan 4 
- Tanah belakang luas
- Garasi 3 mobil
- Carport / Halaman 20 mobil

**Lantai 2
- Ruang tamu / santai
- Kamar Tidur 4
- Kamar Mandi 1
- Balkon depan
- Balkon Belakang view bukit dan persawahan
- Tower Air 2

Bonus
- Ac setiap kamar dan ruang tamu
- Cctv
- Wifi

Legalitas Sertifikat

Harga",
98,5/4/2021,https://www.rumah.com/listing-properti/dijual-dijual-rumah-2lt-posisi-hook-oleh-larasati-aulia-putri-asya-17861707,425000000,Lampung,72,120,3,1,0,0,0,1,900,SHM,Dijual rumah 2lt Posisi Hook,"Dijual rumah 2lt posisi hook safety environment
                                    - Letak rumah di hook siap huni

- surat hak milik

- 2 lantai

- ada garasi mobil

- listrik 900 va

- PDAM

- jemuran lantai 2

- ruang tv+ruang keluarga+ruang makan+dapur+gudang

- lingkungan aman untuk anak-anak
                                    ",
99,21/4/2021,https://www.rumah.com/listing-properti/dijual-jual-murah-rumah-mewah-dg-5kontrakan-nya-lokasi-strategis-di-pahoman-tanjung-karang-bandar-lampung-oleh-rama-17843328,850000000,Lampung,320,300,7,6,0,0,1,0,1300,SHM,JUAL MURAH RUMAH MEWAH DG 5KONTRAKAN NYA LOKASI STRATEGIS DI PAHOMAN TANJUNG KARANG BANDAR LAMPUNG,"Beli Rumah Dapat 5pintu Kontrakan Nya Dekat Pahoman Antasari KedamaianDijual Cepat
Rumah mewah DENGAN KE 5 pintu kontrakan nya di jual Harga murah.
Cocok skali Buat investasi jangka panjang sbagai pasive income.

Lokasi sangat strategis aman dan nyaman, cocok sekali untuk investasi dan pasif income,
Bisa menghasilkan Rp 7juta per unit stiap tahunnya.
dan jika ada 5 unit bisa menghasilkan Rp 35.000.000 pasif income pertahunnya..
ajib bukan..

Alamat Lokasi
JL Perintis kemerdekaan dekat sekolah BPK Penabur garuntang pahoman
Tanjung gading
Bandar Lampung

- Luas tanah 320m2
- Harga 850juta
- STATUS SURAT Sertifikat
- Harga masih bisa DI nego

SELLING POINT:
- Dekat sekolah bpk penabur
- Dekat kampus UTB
- Dekat dengan stadion pahoman
- Dekan dg rumah sakit GRAHA HUSADA
- Dekat denga pasar dan super store
- Kontrakan ramai dan tidak pernah kosong
- Listrik token masing2 setiap pintu
- Air sangat lancar sumur boor
- Lingkungan aman dan nyaman
- Cocok sekali untuk aset dan investasi di masa tua

Best point:
- Bebas banjir
- Jalan paving blok
- Material kualitas mutu
- Dekat jalan poros
- Bebas macet
- Nyaman, aman, dan asri
- Fasilitas umum lengkap
- Dekat pasar, mini market, pusat pembelanjaan
- Harga terjangkau
- Cantik dan elegan
- Minimalis
- Bangunan mewah
- Harga murah

Mau memiliki ASET di Bidang Prproperty sekarang atau nanti adalah KEPUTUSAN anda, Tapi keputusan anda tidak akan pernah merubah KENYATAAN bahwa Harga PROPERTY akan TETAP selalu NAIK, dan TERUS NAIK.
Maka SEGERALAH investasikan dg CERDAS Keuangan dan FINANCIAL anda..",
100,28/4/2021,https://www.rumah.com/listing-properti/dijual-rumah-murah-dekat-stadion-pahoman-tanjung-karang-tanah-strategis-bandar-lampung-oleh-rama-18406978,125000000,Lampung,75,45,2,1,0,0,1,0,1300,SHM,RUMAH MURAH DEKAT STADION PAHOMAN TANJUNG KARANG TANAH STRATEGIS BANDAR LAMPUNG,"Rumah Murah Pahoman Tanjung Karang Tanah Strategid Bandar LampungRumah mewah murah dekat STADION Pahoman Pusat kota
MENAKO CLUSTER

Lokasi
Belakang Rumah Makan Saung Desa
Turunan Damri Kupang Teba

Type rumah 45/75

Spesifikasi Bangunan :
Kamar Tidur 2, Kamar Mandi 1
Pondasi Pasangan batu belah, sloof, tiang kolom, ring balok, beton bertulang
Kusen Kayu kelas II
Daun Pintu Panel kelas II
Jendela Bingkai kayu kelas II
Lantai Granit 60x60
Rangka atap baja
Genteng Mantili di cat
Plafon Gypsum
Cat tembok Jotun
Closet duduk
Carport
Sumur bor 30 meter+pompa air+tower ½ kubik Listrik 1.300 watt

Keunggulan :
Lokasi strategis di tengah kota Bandarlampung
Keamanan 24 jam, ada pos Satpam
Jalan perumahan lebar 5 meter
Perumahan di dalam pagar keliling, one gate system
Lingkungan perumahan aman dan nyaman

Proses

Bisa Cash Bertahap maksimal 2 tahun dengan DP min. 50%

Harga Cash : 355 juta
Tempo 12 bln : 375 juta
Tempo 24 bln : 395 juta

info survey dan pemesanan
telp/wa",